animal_id,breed,age_months,parity,weight_kg,temperature_c,humidity_percent,feed_type,feed_quantity_kg,protein_content_percent,activity_hours,rumination_hours,health_score,disease,has_disease,milk_yield_liters,date
COW_0001,Charolais,38,1,643.9,27.3,67.4,Grass,20.1,17.7,5.0,7.3,4.8,Lameness,1,5.35,2025-03-03
COW_0002,Holstein,69,6,673.8,26.8,84.6,Mixed,20.2,19.1,5.7,6.6,5.7,Lameness,1,10.63,2024-10-23
COW_0003,Angus,44,6,539.8,28.8,66.2,Grain,27.7,22.0,8.9,8.7,4.1,Mastitis,1,7.58,2025-05-01
COW_0004,Jersey,55,5,659.3,21.8,64.3,Grass,21.5,18.3,9.4,8.1,8.5,Milk Fever,1,15.05,2025-02-03
COW_0005,Jersey,82,1,535.0,27.2,74.1,Hay,23.7,21.4,4.2,8.8,4.3,Milk Fever,1,5.0,2025-05-01
COW_0006,Simmental,101,7,713.0,24.9,72.1,Mixed,24.4,16.7,4.3,7.2,1.0,Mastitis,1,5.46,2025-01-14
COW_0007,Jersey,84,7,553.0,18.4,61.9,Grass,27.9,12.6,5.6,8.1,4.6,Lameness,1,9.7,2025-01-08
COW_0008,Hereford,51,7,666.1,8.8,46.8,Mixed,27.7,14.0,7.9,8.4,5.6,Mastitis,1,11.2,2024-12-27
COW_0009,Holstein,47,2,640.2,15.9,78.3,Mixed,28.1,14.7,5.9,7.2,8.7,None,0,19.78,2025-01-22
COW_0010,Simmental,96,2,525.6,17.9,94.0,Mixed,25.7,20.1,8.3,5.9,5.3,Mastitis,1,7.07,2025-08-18
COW_0011,Holstein,105,7,573.7,17.3,66.8,Hay,27.4,16.5,4.5,9.4,2.5,Lameness,1,5.49,2025-02-17
COW_0012,Simmental,119,3,676.6,12.5,77.4,Hay,15.6,18.4,8.6,8.7,2.1,Milk Fever,1,5.0,2025-04-24
COW_0013,Angus,106,7,757.6,17.6,78.1,Mixed,30.4,12.4,8.7,5.9,9.3,None,0,13.76,2024-09-27
COW_0014,Charolais,118,4,580.0,23.4,33.5,Silage,25.2,13.0,10.6,6.9,2.8,Retained Placenta,1,5.0,2024-10-13
COW_0015,Angus,83,8,589.9,16.3,74.2,Grass,19.5,16.7,5.3,7.4,5.8,Lameness,1,5.0,2025-01-03
COW_0016,Hereford,55,3,749.8,10.6,65.5,Hay,19.1,16.4,7.1,9.2,6.4,Ketosis,1,8.51,2025-05-04
COW_0017,Jersey,105,5,676.2,22.4,49.8,Silage,11.8,15.3,7.3,6.7,2.5,Lameness,1,5.22,2024-09-22
COW_0018,Holstein,97,7,544.8,15.5,68.7,Mixed,31.7,13.7,6.6,7.9,3.2,Milk Fever,1,9.78,2025-02-24
COW_0019,Simmental,96,1,500.1,26.2,55.8,Grain,18.8,13.5,9.4,9.6,4.1,Milk Fever,1,5.0,2024-11-29
COW_0020,Jersey,83,5,644.0,25.8,47.3,Grain,21.9,16.7,8.5,7.7,8.0,Ketosis,1,10.13,2025-02-10
COW_0021,Hereford,37,7,754.1,16.7,81.4,Mixed,29.4,20.1,7.6,7.0,3.4,Ketosis,1,7.08,2024-11-12
COW_0022,Charolais,59,1,602.8,14.0,66.9,Grain,27.5,17.7,7.9,8.2,4.6,Lameness,1,6.18,2025-04-10
COW_0023,Angus,53,2,644.4,23.2,73.5,Mixed,33.6,14.8,4.7,6.4,3.9,Lameness,1,6.59,2025-09-07
COW_0024,Simmental,60,8,595.6,28.5,43.0,Mixed,26.2,11.9,7.3,8.6,3.1,Ketosis,1,8.85,2025-01-30
COW_0025,Angus,99,7,529.5,25.8,43.1,Hay,20.0,13.0,3.9,9.0,8.3,None,0,9.85,2024-10-10
COW_0026,Jersey,78,2,617.4,9.5,67.5,Grass,24.6,15.3,4.2,7.4,5.0,Retained Placenta,1,8.36,2025-09-03
COW_0027,Charolais,58,1,643.8,20.5,56.1,Grass,24.6,15.0,9.4,7.8,3.1,Lameness,1,5.0,2025-09-13
COW_0028,Charolais,93,8,585.3,12.2,78.4,Hay,22.7,15.9,4.4,8.1,8.4,None,0,12.16,2025-06-27
COW_0029,Hereford,115,5,601.7,12.2,26.7,Mixed,27.4,18.8,7.8,9.7,9.8,Retained Placenta,1,13.44,2024-12-09
COW_0030,Hereford,82,6,541.9,28.3,56.1,Grain,22.1,16.0,4.9,7.7,7.4,Retained Placenta,1,6.42,2024-12-14
COW_0031,Hereford,64,8,659.8,5.0,82.2,Silage,28.6,15.2,5.7,8.5,4.1,Retained Placenta,1,8.55,2024-11-19
COW_0032,Jersey,53,8,635.0,42.7,63.7,Mixed,19.7,14.1,4.8,7.5,7.8,None,0,13.02,2025-09-09
COW_0033,Simmental,111,1,649.2,25.3,54.4,Hay,36.4,17.1,6.0,4.4,2.5,Milk Fever,1,5.79,2024-12-31
COW_0034,Angus,45,5,691.0,19.5,73.4,Grain,19.5,15.3,7.8,8.9,7.0,None,0,5.05,2024-10-17
COW_0035,Holstein,105,8,680.5,18.5,81.5,Grain,20.7,16.3,9.6,8.7,7.3,Ketosis,1,14.14,2025-01-06
COW_0036,Simmental,76,5,498.1,4.3,75.5,Silage,19.8,17.8,6.0,8.2,6.2,Lameness,1,9.99,2025-05-26
COW_0037,Jersey,66,3,698.1,24.6,75.9,Silage,28.3,14.9,6.7,8.4,2.8,Mastitis,1,5.0,2024-10-11
COW_0038,Simmental,62,8,620.3,18.9,74.8,Grass,23.2,10.9,6.6,10.6,5.2,Retained Placenta,1,15.48,2025-05-26
COW_0039,Hereford,81,4,531.5,14.9,58.0,Silage,23.7,19.6,8.0,5.6,8.6,Retained Placenta,1,8.09,2025-04-07
COW_0040,Angus,37,4,508.5,27.3,66.6,Silage,28.3,20.2,8.8,6.3,8.4,None,0,9.61,2025-07-02
COW_0041,Simmental,108,7,606.7,19.2,57.8,Mixed,32.1,15.5,8.0,7.7,4.7,Retained Placenta,1,12.54,2024-10-07
COW_0042,Angus,29,4,564.1,15.4,55.6,Grass,25.0,11.9,9.9,8.7,5.0,Lameness,1,5.68,2025-09-03
COW_0043,Angus,45,8,514.3,20.5,57.6,Silage,27.6,17.5,11.3,9.1,7.1,Lameness,1,7.95,2024-11-09
COW_0044,Jersey,107,2,596.7,26.5,90.1,Mixed,22.2,15.6,4.3,6.1,5.5,Ketosis,1,5.0,2025-07-29
COW_0045,Simmental,100,7,588.5,16.4,70.8,Grain,25.3,14.7,7.2,3.7,5.5,Ketosis,1,9.45,2024-10-01
COW_0046,Simmental,30,6,634.2,28.9,54.7,Hay,30.2,18.4,6.0,10.6,10.0,Lameness,1,24.2,2024-12-18
COW_0047,Holstein,106,7,601.2,10.7,52.4,Grass,25.1,18.6,5.0,11.7,6.2,None,0,11.43,2025-02-15
COW_0048,Angus,110,4,760.2,15.2,77.9,Mixed,32.7,14.2,4.4,7.9,4.7,Retained Placenta,1,6.78,2025-08-02
COW_0049,Jersey,58,8,439.9,13.0,61.0,Grass,23.6,15.4,8.2,4.8,8.3,Lameness,1,14.92,2024-09-17
COW_0050,Hereford,81,1,554.1,35.4,56.2,Hay,23.2,14.0,8.1,8.8,5.0,Milk Fever,1,5.0,2024-10-06
COW_0051,Holstein,91,6,474.8,28.6,67.3,Grain,18.6,13.4,9.1,10.6,6.5,Ketosis,1,9.87,2024-12-08
COW_0052,Angus,106,3,743.8,32.7,55.5,Grain,22.7,13.2,5.4,7.5,1.6,Milk Fever,1,5.0,2025-01-31
COW_0053,Hereford,67,3,599.0,32.1,93.4,Grass,21.1,13.0,6.2,7.6,3.3,Ketosis,1,5.95,2025-02-03
COW_0054,Angus,105,1,439.1,10.6,41.6,Grain,28.8,14.6,6.2,7.5,2.8,Retained Placenta,1,5.0,2025-07-15
COW_0055,Angus,57,8,499.1,15.2,77.0,Silage,30.7,16.1,7.0,8.3,6.3,Lameness,1,10.13,2025-01-11
COW_0056,Simmental,76,7,578.5,2.5,85.0,Hay,27.6,16.1,7.1,6.7,5.1,Mastitis,1,12.29,2024-10-28
COW_0057,Angus,102,2,600.4,27.8,82.2,Mixed,28.2,12.5,7.6,10.3,6.0,Retained Placenta,1,9.11,2025-04-14
COW_0058,Hereford,33,1,519.7,19.3,58.4,Silage,25.1,14.5,5.8,8.4,4.0,Milk Fever,1,5.48,2025-03-30
COW_0059,Simmental,116,6,549.4,30.4,47.6,Grain,23.7,15.8,5.3,7.4,8.6,None,0,15.03,2025-04-19
COW_0060,Holstein,73,8,650.4,12.9,73.2,Mixed,24.1,19.3,5.5,8.9,5.8,Lameness,1,8.72,2024-12-15
COW_0061,Hereford,114,5,596.5,17.4,61.9,Grass,26.1,16.5,8.2,9.0,5.3,Mastitis,1,8.46,2024-09-20
COW_0062,Holstein,48,1,586.1,18.5,65.1,Grain,21.3,17.8,7.3,11.4,7.9,Ketosis,1,17.28,2025-05-01
COW_0063,Simmental,85,4,687.1,29.1,64.5,Mixed,22.8,17.5,4.5,7.3,6.5,Milk Fever,1,9.02,2025-06-02
COW_0064,Simmental,58,5,470.5,21.6,74.3,Hay,18.5,17.2,6.9,9.8,7.5,Lameness,1,19.25,2025-07-30
COW_0065,Charolais,97,4,617.4,31.3,63.1,Silage,25.7,15.5,5.4,7.9,4.9,Retained Placenta,1,5.0,2025-04-15
COW_0066,Simmental,110,4,602.3,22.8,51.3,Hay,18.1,15.6,7.7,6.6,2.5,Ketosis,1,5.0,2024-09-18
COW_0067,Angus,112,2,576.7,32.0,54.1,Grain,36.1,23.0,7.8,8.2,6.1,None,0,6.61,2024-11-24
COW_0068,Simmental,43,3,550.8,13.4,67.4,Mixed,24.5,12.8,10.8,6.5,2.2,Retained Placenta,1,5.46,2025-08-21
COW_0069,Hereford,68,2,606.0,19.5,55.5,Grain,15.1,12.8,8.2,8.6,3.7,Milk Fever,1,5.0,2024-12-17
COW_0070,Jersey,117,4,788.5,32.2,74.8,Grain,28.7,14.9,6.0,8.4,9.1,None,0,19.61,2025-05-11
COW_0071,Charolais,29,7,581.8,35.6,69.6,Silage,24.0,16.7,6.5,10.1,10.0,None,0,14.47,2025-06-29
COW_0072,Angus,72,3,666.3,26.9,92.5,Grass,41.6,16.3,4.4,7.3,3.7,Lameness,1,5.0,2025-08-24
COW_0073,Holstein,48,4,578.3,11.1,71.0,Grain,24.2,14.5,10.2,7.4,4.4,Milk Fever,1,10.84,2025-05-23
COW_0074,Charolais,42,1,618.6,12.9,46.4,Grain,32.7,12.5,8.2,9.1,5.0,Milk Fever,1,9.88,2024-10-20
COW_0075,Holstein,91,1,619.2,13.9,63.8,Mixed,24.2,18.5,4.8,9.1,8.1,Ketosis,1,11.28,2025-02-18
COW_0076,Hereford,96,4,766.0,34.9,72.4,Grain,23.0,18.4,9.2,8.1,5.0,Mastitis,1,8.33,2025-08-21
COW_0077,Holstein,111,5,725.6,24.8,74.1,Grass,21.1,18.3,8.0,8.1,9.5,None,0,16.53,2025-08-06
COW_0078,Angus,101,7,695.5,28.5,63.4,Mixed,31.7,18.7,6.1,7.0,6.3,Mastitis,1,9.35,2025-02-26
COW_0079,Angus,70,2,568.2,17.9,65.4,Grass,23.6,16.7,10.5,6.6,2.1,Milk Fever,1,5.0,2025-04-29
COW_0080,Angus,58,8,541.7,15.6,76.4,Hay,28.8,17.1,8.6,5.7,3.5,Lameness,1,5.0,2024-09-23
COW_0081,Jersey,85,6,526.5,10.6,75.8,Silage,29.5,11.4,7.7,7.3,1.0,Retained Placenta,1,5.0,2025-03-04
COW_0082,Holstein,81,8,624.2,18.8,84.8,Grass,20.5,17.0,6.8,6.7,6.0,Retained Placenta,1,12.01,2024-11-23
COW_0083,Jersey,81,6,534.4,22.4,60.9,Grass,28.0,12.3,6.3,7.3,4.9,Retained Placenta,1,9.97,2025-03-22
COW_0084,Charolais,37,3,604.9,16.0,60.2,Hay,17.2,14.0,4.4,9.8,4.7,Lameness,1,7.44,2025-03-10
COW_0085,Angus,49,8,439.1,15.8,57.1,Grain,26.1,20.6,7.4,7.4,8.8,None,0,15.09,2025-02-11
COW_0086,Simmental,41,7,579.4,26.3,52.9,Hay,22.1,12.4,6.1,8.7,4.9,Mastitis,1,7.75,2025-01-29
COW_0087,Hereford,45,2,644.0,14.7,81.6,Grain,25.5,18.6,5.3,9.8,6.6,Mastitis,1,5.0,2025-07-31
COW_0088,Hereford,39,4,448.3,38.7,70.0,Mixed,21.1,14.9,10.2,7.8,3.3,Retained Placenta,1,5.0,2024-09-19
COW_0089,Jersey,55,3,769.1,31.1,64.4,Silage,26.8,18.3,8.5,8.7,10.0,None,0,14.12,2025-05-25
COW_0090,Hereford,51,8,414.9,14.7,68.3,Silage,11.5,15.2,6.5,8.7,9.2,None,0,8.48,2025-09-13
COW_0091,Jersey,85,2,534.9,34.7,86.7,Hay,24.8,12.8,7.1,8.7,6.0,Ketosis,1,8.9,2025-06-28
COW_0092,Hereford,102,8,620.0,29.3,52.2,Grass,19.6,17.6,7.5,7.2,9.2,None,0,13.82,2025-05-14
COW_0093,Hereford,73,2,501.8,9.5,57.3,Mixed,23.5,12.8,7.0,8.6,5.1,Mastitis,1,5.12,2025-04-24
COW_0094,Holstein,63,2,601.9,29.1,57.3,Grass,22.1,19.1,6.6,6.1,2.5,Lameness,1,5.69,2024-09-16
COW_0095,Jersey,113,1,614.5,23.6,75.9,Grass,27.2,16.1,7.7,6.2,3.6,Retained Placenta,1,6.19,2025-08-26
COW_0096,Simmental,115,7,549.7,28.4,84.6,Grass,25.2,11.9,4.4,7.5,6.4,Ketosis,1,15.28,2025-05-12
COW_0097,Hereford,71,8,670.4,24.8,67.9,Grass,33.9,17.3,5.3,6.5,7.9,Retained Placenta,1,18.52,2025-03-07
COW_0098,Hereford,119,2,622.4,23.1,67.5,Hay,21.9,11.2,6.8,8.8,9.3,None,0,6.65,2025-04-06
COW_0099,Hereford,39,6,564.2,13.8,92.6,Mixed,23.4,14.0,8.3,8.3,2.8,Retained Placenta,1,5.0,2025-08-13
COW_0100,Jersey,40,4,670.8,25.0,67.9,Grass,31.2,18.5,8.5,7.5,7.6,Mastitis,1,7.61,2025-04-26
COW_0101,Angus,81,3,550.5,17.3,49.3,Hay,23.1,18.0,7.3,10.1,6.5,Retained Placenta,1,6.02,2025-04-03
COW_0102,Simmental,52,1,617.3,4.0,32.3,Grass,10.2,14.0,7.3,8.0,10.0,None,0,6.41,2025-05-17
COW_0103,Simmental,52,1,603.6,27.2,31.4,Silage,27.0,11.8,9.5,6.5,7.5,Ketosis,1,11.34,2025-02-02
COW_0104,Charolais,86,6,650.7,21.5,49.0,Hay,29.1,16.4,8.1,9.5,2.8,Ketosis,1,8.25,2025-05-01
COW_0105,Jersey,55,2,503.7,23.2,62.3,Hay,31.5,14.6,5.3,6.5,6.1,Mastitis,1,13.31,2025-08-06
COW_0106,Simmental,35,6,633.4,19.8,76.9,Grass,23.3,20.8,3.4,9.0,7.3,None,0,12.68,2025-04-16
COW_0107,Charolais,104,8,536.2,15.6,64.2,Grass,27.0,14.9,6.8,7.4,4.7,Lameness,1,11.83,2025-08-01
COW_0108,Charolais,68,7,646.2,27.5,71.9,Grain,25.8,14.3,9.8,7.1,8.1,None,0,17.73,2024-10-27
COW_0109,Jersey,100,5,509.4,24.6,68.2,Silage,27.0,18.1,8.2,8.2,4.7,Mastitis,1,6.48,2025-03-21
COW_0110,Hereford,57,7,649.6,19.6,58.5,Grain,23.1,18.3,10.7,6.3,3.7,Ketosis,1,6.32,2025-01-30
COW_0111,Jersey,76,8,690.9,13.2,65.2,Mixed,28.9,13.3,6.8,6.7,6.8,None,0,6.57,2025-01-14
COW_0112,Simmental,94,6,468.3,0.4,74.2,Hay,28.9,14.0,5.5,9.0,6.2,Mastitis,1,19.41,2024-09-14
COW_0113,Charolais,106,5,583.2,17.2,62.3,Mixed,24.0,16.2,4.6,7.9,5.5,Ketosis,1,8.41,2025-04-25
COW_0114,Angus,107,5,511.4,16.2,61.4,Hay,30.5,15.3,9.3,8.7,6.7,Mastitis,1,11.93,2025-04-13
COW_0115,Jersey,108,3,546.5,32.0,82.4,Silage,26.7,12.4,9.3,10.3,3.8,Ketosis,1,7.99,2024-09-30
COW_0116,Hereford,91,5,507.7,17.3,63.4,Hay,25.8,22.7,6.6,6.8,6.1,Lameness,1,6.3,2024-12-16
COW_0117,Jersey,26,1,623.1,24.1,49.5,Mixed,23.2,15.5,9.6,9.6,1.0,Retained Placenta,1,5.0,2025-05-20
COW_0118,Jersey,117,3,600.7,33.9,56.1,Mixed,27.6,12.4,3.1,8.5,5.3,Mastitis,1,9.24,2025-04-28
COW_0119,Simmental,101,3,490.1,20.4,39.0,Grain,21.8,13.4,4.4,7.9,4.2,Lameness,1,5.0,2025-01-04
COW_0120,Jersey,35,2,634.1,15.6,64.0,Hay,21.3,15.6,4.0,7.5,5.8,Mastitis,1,5.0,2025-01-23
COW_0121,Angus,73,8,717.2,24.6,70.4,Hay,24.7,15.2,9.6,7.7,7.8,Ketosis,1,8.99,2024-10-13
COW_0122,Angus,25,4,553.5,23.0,70.5,Silage,28.9,21.2,7.0,6.0,5.6,Mastitis,1,7.32,2025-01-21
COW_0123,Hereford,97,8,487.3,18.6,72.3,Mixed,32.6,17.5,5.3,8.4,4.5,Ketosis,1,7.3,2025-01-25
COW_0124,Holstein,36,4,494.1,29.2,67.0,Grass,14.1,17.3,8.5,9.0,3.8,Retained Placenta,1,5.0,2025-08-21
COW_0125,Charolais,110,2,668.0,10.0,65.8,Grain,30.6,16.5,8.2,9.0,5.8,Lameness,1,5.0,2025-02-11
COW_0126,Simmental,112,4,718.0,11.4,85.5,Silage,31.5,12.4,7.6,6.8,5.6,Retained Placenta,1,15.2,2024-09-23
COW_0127,Charolais,65,2,681.8,39.8,81.6,Mixed,13.0,19.3,4.9,8.6,4.6,Mastitis,1,5.0,2025-03-14
COW_0128,Hereford,37,4,675.8,3.3,75.8,Grass,31.0,13.8,6.7,9.2,6.0,Mastitis,1,8.04,2024-11-09
COW_0129,Jersey,116,4,565.7,23.1,47.7,Grain,19.5,14.6,9.5,9.3,8.6,Ketosis,1,13.02,2025-08-07
COW_0130,Charolais,64,4,730.8,24.7,66.9,Silage,22.0,14.6,9.5,6.5,4.8,Lameness,1,7.0,2024-10-30
COW_0131,Jersey,29,6,520.1,12.9,66.9,Mixed,29.7,12.7,6.7,8.3,5.1,Mastitis,1,9.77,2025-01-21
COW_0132,Charolais,66,1,691.4,21.3,54.9,Grain,24.4,17.9,8.9,8.0,8.6,None,0,14.86,2025-04-22
COW_0133,Hereford,72,7,539.5,36.7,77.8,Hay,26.0,16.3,8.0,6.9,4.1,Lameness,1,8.13,2025-06-13
COW_0134,Charolais,96,1,609.6,26.0,60.0,Hay,16.0,19.0,7.8,8.9,3.3,Milk Fever,1,5.0,2024-09-14
COW_0135,Charolais,106,7,552.1,23.7,64.1,Silage,24.9,16.8,7.2,8.0,6.4,Ketosis,1,11.99,2024-11-15
COW_0136,Jersey,28,5,583.0,17.6,91.3,Silage,18.7,12.7,9.7,6.2,8.7,Mastitis,1,10.16,2024-11-28
COW_0137,Charolais,42,8,646.7,15.8,74.0,Silage,13.3,16.9,9.0,8.3,5.6,Retained Placenta,1,5.0,2025-08-05
COW_0138,Simmental,56,7,529.3,9.7,82.6,Hay,22.0,13.5,6.3,8.9,5.9,Mastitis,1,12.63,2025-02-15
COW_0139,Holstein,55,1,474.7,9.7,76.8,Hay,22.5,16.3,9.0,8.5,10.0,None,0,16.91,2025-02-15
COW_0140,Simmental,42,3,634.6,5.5,91.9,Grass,21.2,13.5,7.4,10.6,8.6,Retained Placenta,1,14.66,2025-07-15
COW_0141,Holstein,85,3,719.7,24.3,48.7,Mixed,15.1,15.6,10.0,7.9,6.2,Ketosis,1,9.79,2024-12-09
COW_0142,Hereford,56,4,604.3,18.6,60.4,Silage,30.3,15.0,7.4,6.1,7.7,None,0,11.26,2024-11-22
COW_0143,Angus,114,7,686.7,17.6,53.9,Grain,37.3,17.9,6.0,6.1,4.8,Mastitis,1,7.11,2024-11-12
COW_0144,Holstein,46,8,589.5,31.0,70.3,Hay,28.0,13.9,6.0,7.7,3.0,Lameness,1,10.56,2024-12-01
COW_0145,Simmental,68,6,687.9,21.8,91.0,Silage,19.4,16.6,7.9,7.8,7.5,Ketosis,1,14.88,2025-07-16
COW_0146,Angus,32,7,631.5,20.2,76.4,Grass,21.5,14.2,8.9,10.1,4.9,Lameness,1,5.0,2025-05-01
COW_0147,Jersey,53,4,510.6,32.3,60.2,Mixed,31.2,14.5,2.6,6.2,2.3,Retained Placenta,1,5.0,2024-12-22
COW_0148,Hereford,64,1,616.5,22.1,66.6,Grain,31.0,13.2,8.7,7.1,6.1,Milk Fever,1,9.3,2025-07-24
COW_0149,Charolais,58,4,652.9,26.2,43.2,Hay,25.5,18.1,5.7,8.9,3.4,Retained Placenta,1,5.85,2025-05-05
COW_0150,Angus,26,7,629.7,13.9,63.8,Grass,23.6,16.8,3.5,6.3,4.3,Lameness,1,5.0,2024-09-15
COW_0151,Angus,101,7,543.4,27.8,62.3,Grass,20.8,11.0,4.3,8.7,10.0,None,0,8.02,2024-10-13
COW_0152,Hereford,63,4,551.6,22.0,95.1,Silage,30.9,16.3,6.4,9.7,8.2,None,0,18.35,2025-03-20
COW_0153,Hereford,93,4,674.9,17.5,57.4,Grass,28.2,17.9,9.3,7.8,7.5,Milk Fever,1,13.97,2025-03-04
COW_0154,Jersey,57,2,586.0,33.4,43.4,Silage,19.9,13.7,8.4,7.5,7.8,None,0,11.19,2025-07-11
COW_0155,Charolais,80,1,556.8,19.9,40.8,Silage,23.5,10.4,3.2,7.4,2.2,Lameness,1,5.0,2025-07-27
COW_0156,Simmental,109,4,588.3,16.2,68.5,Mixed,25.2,16.9,3.4,7.5,6.6,Mastitis,1,12.44,2025-05-12
COW_0157,Holstein,29,8,630.6,24.9,65.0,Silage,26.1,18.5,11.5,7.8,3.3,Mastitis,1,9.36,2025-07-07
COW_0158,Angus,29,8,664.3,21.2,68.8,Silage,27.8,16.3,7.3,9.4,4.0,Lameness,1,6.03,2024-10-31
COW_0159,Jersey,65,2,647.1,16.8,64.9,Mixed,21.8,15.0,3.8,10.5,6.5,None,0,9.4,2025-05-05
COW_0160,Holstein,70,4,615.7,27.5,63.0,Grass,24.2,13.2,5.0,6.7,5.4,Milk Fever,1,13.58,2024-10-12
COW_0161,Jersey,96,3,618.1,34.5,71.1,Grain,28.9,13.3,12.2,10.3,6.2,Ketosis,1,8.42,2025-04-01
COW_0162,Simmental,54,4,561.9,25.2,34.5,Grass,26.7,14.7,7.4,6.2,5.9,Ketosis,1,12.22,2024-11-19
COW_0163,Jersey,53,5,647.0,3.3,86.8,Grain,28.8,21.2,9.2,9.7,3.2,Ketosis,1,10.22,2024-11-09
COW_0164,Holstein,105,7,471.3,14.3,50.3,Hay,23.3,17.0,5.2,7.8,3.9,Lameness,1,8.1,2025-02-21
COW_0165,Simmental,79,3,669.3,13.1,69.2,Mixed,22.7,18.1,5.5,6.2,4.6,Retained Placenta,1,9.76,2025-07-01
COW_0166,Hereford,29,4,534.2,10.3,66.2,Mixed,29.8,19.0,3.5,8.3,5.8,Milk Fever,1,8.24,2024-10-11
COW_0167,Angus,37,1,604.0,30.8,67.7,Hay,25.0,13.2,6.3,7.4,4.9,Ketosis,1,5.0,2025-08-29
COW_0168,Simmental,59,4,623.6,24.1,55.8,Hay,24.1,17.0,7.7,9.4,3.8,Lameness,1,10.71,2025-07-06
COW_0169,Hereford,42,3,543.4,-0.8,89.9,Grain,30.7,23.1,8.1,4.6,9.5,None,0,13.5,2024-11-27
COW_0170,Simmental,53,4,587.8,12.9,64.2,Hay,22.1,15.9,9.4,11.0,7.3,Milk Fever,1,8.6,2024-11-25
COW_0171,Simmental,92,1,605.2,14.6,68.1,Grass,20.3,14.7,7.1,9.5,5.4,Ketosis,1,6.38,2024-11-18
COW_0172,Charolais,93,3,578.3,8.1,52.1,Hay,27.1,12.4,7.2,6.7,5.5,Ketosis,1,7.28,2024-09-14
COW_0173,Holstein,77,5,487.0,18.0,44.7,Silage,24.9,17.1,6.7,8.3,5.6,Lameness,1,13.79,2024-12-02
COW_0174,Jersey,30,3,460.8,34.1,45.1,Hay,20.9,18.8,6.6,7.2,6.2,Retained Placenta,1,6.28,2025-02-07
COW_0175,Simmental,32,5,595.4,27.4,62.2,Hay,26.1,19.2,5.1,7.0,4.8,Mastitis,1,11.68,2025-07-09
COW_0176,Simmental,96,8,607.3,19.9,74.7,Hay,26.2,20.4,4.3,8.7,2.3,Ketosis,1,5.0,2024-12-06
COW_0177,Angus,24,2,638.7,28.0,58.4,Grain,27.4,22.1,3.8,8.5,7.5,Retained Placenta,1,7.32,2024-11-22
COW_0178,Charolais,66,6,670.8,16.3,43.2,Hay,31.0,20.4,4.4,6.9,6.0,Ketosis,1,14.39,2025-08-25
COW_0179,Jersey,35,8,604.1,15.8,79.0,Silage,26.7,18.1,1.8,9.8,7.5,None,0,11.58,2025-04-20
COW_0180,Angus,92,6,713.8,16.3,66.7,Mixed,23.1,9.8,7.1,6.1,5.3,Ketosis,1,5.0,2024-09-18
COW_0181,Simmental,99,8,623.2,35.2,74.4,Grain,25.6,21.2,8.3,7.1,4.5,Mastitis,1,11.57,2025-03-11
COW_0182,Hereford,47,6,593.4,19.5,63.8,Silage,26.0,18.3,6.7,7.1,6.4,None,0,7.09,2025-08-11
COW_0183,Angus,50,7,669.1,28.7,44.9,Grass,32.1,18.0,8.3,9.1,4.7,Retained Placenta,1,7.58,2025-07-29
COW_0184,Jersey,41,1,704.0,19.1,70.4,Hay,27.3,20.2,5.1,5.9,5.8,Ketosis,1,7.89,2024-09-14
COW_0185,Hereford,75,7,588.7,14.8,74.1,Silage,28.4,15.9,6.5,9.9,1.0,Lameness,1,5.0,2024-12-27
COW_0186,Hereford,94,8,579.6,19.0,64.8,Mixed,25.7,11.4,7.8,7.9,2.4,Ketosis,1,5.0,2024-10-06
COW_0187,Holstein,111,5,760.9,20.5,52.4,Mixed,28.5,14.9,7.2,7.9,8.1,Retained Placenta,1,25.05,2025-04-20
COW_0188,Hereford,34,3,605.2,16.5,25.3,Grass,30.2,17.3,6.7,9.4,2.3,Lameness,1,5.0,2025-03-01
COW_0189,Jersey,108,8,637.2,26.7,49.4,Grass,17.8,15.8,6.5,8.1,2.1,Retained Placenta,1,5.0,2025-03-02
COW_0190,Charolais,64,1,482.1,7.1,73.2,Silage,23.1,10.0,4.3,9.4,4.6,Milk Fever,1,5.36,2024-09-28
COW_0191,Hereford,68,4,641.3,5.0,77.9,Mixed,29.1,10.5,5.4,9.5,10.0,None,0,15.71,2025-04-01
COW_0192,Angus,44,2,567.4,2.3,57.2,Grass,18.2,16.5,4.4,6.7,1.7,Milk Fever,1,5.0,2025-01-12
COW_0193,Hereford,75,2,605.5,19.4,82.5,Silage,22.7,20.6,12.8,8.6,4.1,Mastitis,1,5.0,2024-09-26
COW_0194,Angus,86,2,694.1,14.1,86.1,Grain,26.8,17.6,8.1,8.0,10.0,None,0,12.91,2025-05-12
COW_0195,Charolais,107,3,457.8,24.9,71.4,Grass,29.6,17.4,9.2,7.5,8.2,None,0,13.65,2024-09-22
COW_0196,Angus,94,3,486.7,32.3,64.7,Hay,26.1,20.8,8.0,4.3,5.8,Milk Fever,1,6.32,2025-06-13
COW_0197,Charolais,87,2,680.3,15.9,65.9,Silage,25.1,16.8,7.6,8.5,4.9,Mastitis,1,6.74,2025-01-24
COW_0198,Holstein,37,1,676.1,27.5,59.4,Silage,22.4,14.2,5.2,7.6,7.0,Milk Fever,1,9.27,2025-07-06
COW_0199,Hereford,116,4,553.2,22.8,63.7,Silage,21.6,16.9,8.9,5.9,1.0,Lameness,1,5.0,2025-03-30
COW_0200,Hereford,98,4,731.7,8.7,42.6,Mixed,16.5,15.5,7.2,6.7,4.8,Mastitis,1,5.0,2025-01-11
COW_0201,Charolais,63,3,796.4,17.3,81.2,Silage,28.7,14.1,7.7,8.8,2.2,Retained Placenta,1,10.48,2025-07-19
COW_0202,Hereford,70,8,625.8,9.9,57.4,Grain,33.2,22.4,9.8,7.8,9.0,None,0,16.19,2024-12-31
COW_0203,Simmental,39,8,689.5,20.6,80.6,Grass,19.2,13.7,7.6,10.6,7.7,Lameness,1,9.86,2025-01-29
COW_0204,Charolais,106,1,569.5,26.6,61.5,Silage,24.6,16.3,8.2,6.8,4.2,Milk Fever,1,5.0,2025-01-23
COW_0205,Jersey,103,3,640.7,27.9,53.3,Grass,24.2,10.8,6.1,6.8,7.3,None,0,11.56,2025-01-01
COW_0206,Jersey,82,6,612.9,22.9,86.4,Grain,23.4,15.9,4.9,7.8,8.2,None,0,12.65,2025-04-24
COW_0207,Jersey,26,2,609.5,22.6,65.4,Silage,26.8,14.1,5.9,9.1,4.3,Milk Fever,1,5.0,2025-07-04
COW_0208,Simmental,100,2,529.8,22.0,57.9,Grain,32.4,13.7,8.6,8.4,3.6,Milk Fever,1,7.94,2025-09-12
COW_0209,Jersey,57,5,589.1,29.2,64.3,Hay,23.0,16.8,7.8,8.6,6.7,Milk Fever,1,11.2,2025-05-04
COW_0210,Jersey,98,1,509.9,24.1,47.0,Silage,19.5,16.8,8.2,10.7,6.1,Lameness,1,5.0,2024-09-26
COW_0211,Angus,36,6,604.0,19.7,53.6,Hay,30.7,22.2,6.9,7.9,8.7,None,0,10.01,2024-11-12
COW_0212,Simmental,67,3,655.5,25.7,57.0,Hay,32.2,17.5,9.1,7.3,8.9,Mastitis,1,23.93,2025-07-12
COW_0213,Simmental,50,4,533.3,17.5,65.1,Hay,25.0,22.9,11.8,6.7,3.8,Retained Placenta,1,9.56,2025-03-10
COW_0214,Charolais,99,3,404.0,13.2,61.1,Hay,21.7,14.2,4.7,6.6,6.6,Retained Placenta,1,8.83,2025-01-29
COW_0215,Jersey,94,7,401.3,28.9,70.6,Grain,27.4,16.4,7.3,7.0,3.0,Mastitis,1,8.9,2025-04-24
COW_0216,Charolais,98,5,776.7,29.4,48.4,Grass,20.7,16.8,7.0,5.9,9.8,Mastitis,1,12.33,2024-10-29
COW_0217,Holstein,33,8,650.3,24.4,55.7,Mixed,33.4,11.8,6.2,9.3,4.4,Mastitis,1,14.11,2025-07-07
COW_0218,Angus,115,7,598.1,27.1,76.2,Grain,25.6,12.9,5.0,7.5,4.4,Retained Placenta,1,5.0,2025-03-18
COW_0219,Holstein,108,4,501.6,34.2,48.9,Silage,18.9,15.2,6.3,9.0,2.4,Milk Fever,1,5.0,2025-03-25
COW_0220,Hereford,88,6,534.7,14.7,52.8,Hay,29.4,16.7,2.1,8.6,7.0,Retained Placenta,1,12.18,2024-12-11
COW_0221,Angus,49,7,564.2,17.3,103.1,Mixed,25.0,12.7,6.8,10.7,3.1,Retained Placenta,1,6.66,2025-08-12
COW_0222,Charolais,50,7,555.1,5.1,56.1,Hay,21.5,19.1,8.7,9.0,7.9,Retained Placenta,1,14.27,2025-08-23
COW_0223,Charolais,86,1,563.6,36.6,81.5,Hay,19.7,16.0,8.7,6.9,9.5,None,0,6.98,2025-05-16
COW_0224,Hereford,51,3,531.3,14.8,67.9,Grass,22.3,13.5,10.1,6.5,7.3,Ketosis,1,6.7,2025-07-13
COW_0225,Simmental,54,8,430.3,16.3,75.9,Hay,28.7,15.5,9.9,6.6,7.8,None,0,23.6,2025-03-17
COW_0226,Hereford,101,6,593.4,28.5,49.4,Silage,23.3,12.4,5.8,8.8,10.0,None,0,15.44,2025-04-22
COW_0227,Jersey,34,7,570.0,9.8,66.8,Grass,36.7,17.2,4.4,9.7,6.0,Milk Fever,1,9.2,2025-04-30
COW_0228,Angus,119,8,571.5,14.9,95.5,Hay,23.8,13.4,4.9,8.4,3.3,Ketosis,1,5.0,2024-09-24
COW_0229,Hereford,111,4,700.4,24.4,59.4,Silage,19.4,14.3,6.0,7.8,2.8,Ketosis,1,5.0,2025-04-23
COW_0230,Charolais,70,7,665.0,15.3,79.8,Grain,27.7,21.3,5.3,7.9,2.2,Milk Fever,1,7.02,2025-06-19
COW_0231,Charolais,89,5,625.8,13.1,49.4,Silage,29.9,14.7,8.0,6.3,6.4,Mastitis,1,12.62,2025-08-20
COW_0232,Charolais,60,6,759.7,21.6,50.9,Hay,17.5,16.9,7.6,6.4,8.9,Milk Fever,1,12.21,2025-02-27
COW_0233,Hereford,58,7,502.6,17.8,68.7,Mixed,22.5,11.5,7.6,7.9,8.1,Lameness,1,14.26,2025-07-10
COW_0234,Charolais,62,4,604.5,18.9,74.6,Silage,22.0,18.3,4.7,9.2,4.0,Lameness,1,9.58,2025-06-10
COW_0235,Jersey,47,2,685.6,20.5,53.1,Grain,24.4,19.2,9.5,9.4,7.9,None,0,9.38,2025-07-11
COW_0236,Jersey,25,4,486.4,23.6,80.4,Hay,19.8,18.2,7.4,9.1,4.3,Milk Fever,1,7.01,2025-02-13
COW_0237,Hereford,118,5,494.2,20.7,77.3,Grass,25.4,15.0,6.7,6.7,7.6,None,0,8.5,2025-06-07
COW_0238,Hereford,68,8,552.9,28.5,81.7,Grain,20.5,21.2,3.8,5.9,7.3,None,0,8.13,2025-01-05
COW_0239,Holstein,77,8,565.9,28.1,45.3,Mixed,19.6,4.9,8.9,8.3,9.0,Ketosis,1,17.79,2025-07-23
COW_0240,Simmental,29,2,548.2,13.7,85.1,Mixed,24.9,13.2,6.9,6.8,3.4,Lameness,1,6.11,2024-10-26
COW_0241,Charolais,55,3,673.9,24.6,42.7,Grain,33.0,14.7,8.5,9.2,6.4,None,0,16.8,2025-04-15
COW_0242,Hereford,75,5,644.3,7.6,91.4,Hay,28.1,12.7,6.6,7.5,6.7,Retained Placenta,1,7.46,2025-07-11
COW_0243,Simmental,93,5,519.5,16.1,68.6,Mixed,26.0,21.2,6.5,8.4,3.8,Retained Placenta,1,5.35,2025-01-24
COW_0244,Angus,54,4,571.3,33.7,80.5,Mixed,27.3,16.1,6.6,6.2,4.8,Ketosis,1,5.48,2025-08-05
COW_0245,Angus,110,7,625.2,18.0,64.9,Grain,28.4,12.5,12.1,6.8,5.8,Milk Fever,1,7.59,2024-12-01
COW_0246,Angus,39,7,515.2,13.9,50.8,Silage,21.7,17.7,6.1,4.9,1.0,Retained Placenta,1,5.0,2025-01-25
COW_0247,Angus,72,8,541.5,27.9,70.1,Silage,15.6,17.0,8.1,7.4,4.4,Milk Fever,1,5.68,2025-04-08
COW_0248,Simmental,106,2,621.6,33.6,67.2,Mixed,17.6,19.6,4.1,6.4,5.6,Retained Placenta,1,5.0,2025-07-17
COW_0249,Holstein,93,3,564.0,24.4,36.4,Silage,23.6,15.3,7.4,8.0,3.0,Milk Fever,1,8.19,2025-04-04
COW_0250,Hereford,94,7,812.5,21.3,84.4,Hay,22.2,10.1,7.2,10.7,6.1,Lameness,1,8.25,2025-08-14
COW_0251,Hereford,58,5,675.2,14.5,69.5,Grass,18.8,22.0,6.4,9.7,8.2,None,0,10.65,2025-05-03
COW_0252,Charolais,81,5,559.8,21.4,79.0,Grass,26.6,15.9,10.5,8.7,7.8,Mastitis,1,14.35,2024-09-22
COW_0253,Holstein,39,8,578.0,31.1,71.7,Mixed,30.6,15.9,8.8,10.2,3.8,Retained Placenta,1,9.7,2024-10-11
COW_0254,Charolais,96,3,519.4,21.2,67.7,Hay,28.1,14.9,6.8,7.0,6.2,None,0,10.75,2025-09-11
COW_0255,Hereford,48,6,466.0,31.4,50.4,Hay,23.4,16.7,7.7,7.3,7.6,Milk Fever,1,9.85,2025-08-17
COW_0256,Angus,90,4,669.6,24.1,47.5,Grass,26.7,14.7,5.1,10.6,2.7,Milk Fever,1,5.25,2025-03-29
COW_0257,Simmental,48,2,465.3,10.1,69.8,Grain,24.6,14.1,1.5,9.0,2.8,Mastitis,1,5.0,2025-03-22
COW_0258,Angus,71,1,607.1,13.6,83.6,Grass,24.2,18.2,6.6,10.1,7.8,None,0,6.32,2025-03-29
COW_0259,Jersey,37,8,593.0,26.2,63.9,Grain,19.4,14.1,6.1,8.9,4.5,Mastitis,1,5.0,2025-05-02
COW_0260,Charolais,46,6,663.3,14.9,58.2,Hay,20.1,14.7,5.9,6.3,3.3,Ketosis,1,5.78,2025-08-17
COW_0261,Charolais,59,3,667.0,9.1,69.5,Mixed,16.8,18.1,5.6,9.1,4.8,Retained Placenta,1,5.0,2024-11-19
COW_0262,Charolais,28,4,551.7,28.3,93.5,Silage,22.7,17.8,6.7,7.6,3.8,Retained Placenta,1,5.0,2025-04-04
COW_0263,Angus,72,1,542.6,23.1,65.9,Silage,21.8,14.7,7.4,11.2,9.1,None,0,8.53,2025-04-13
COW_0264,Angus,68,7,464.9,14.8,70.0,Grain,28.5,18.2,6.5,6.1,1.0,Lameness,1,5.0,2025-03-16
COW_0265,Angus,52,7,558.8,31.7,52.5,Mixed,21.1,17.4,5.8,8.3,4.2,Milk Fever,1,5.0,2025-08-28
COW_0266,Charolais,101,8,691.9,14.3,66.2,Silage,25.2,19.1,3.0,5.3,3.9,Lameness,1,7.06,2024-11-23
COW_0267,Angus,99,4,601.1,12.8,72.4,Grain,24.2,17.7,8.6,7.7,1.7,Milk Fever,1,5.0,2025-03-01
COW_0268,Charolais,47,2,331.0,11.7,83.4,Hay,31.0,17.5,6.8,8.0,6.4,Ketosis,1,11.27,2025-02-21
COW_0269,Jersey,74,1,685.1,26.6,40.4,Hay,28.3,15.8,7.2,8.5,3.1,Lameness,1,5.0,2025-08-27
COW_0270,Charolais,92,4,591.6,23.9,77.3,Grass,23.6,22.0,4.6,9.9,4.4,Lameness,1,5.0,2025-05-24
COW_0271,Holstein,109,3,632.2,20.9,52.8,Mixed,19.5,13.7,5.0,7.0,2.2,Lameness,1,5.0,2024-09-14
COW_0272,Simmental,96,3,562.4,13.5,27.0,Hay,21.0,18.9,7.9,7.2,7.9,None,0,8.59,2025-09-07
COW_0273,Jersey,26,2,499.9,29.3,46.9,Silage,20.9,17.0,8.2,6.4,10.0,None,0,11.5,2025-02-13
COW_0274,Charolais,60,1,460.8,17.3,71.5,Grain,25.2,16.7,7.5,7.2,3.2,Milk Fever,1,6.93,2025-06-01
COW_0275,Jersey,88,2,581.0,14.3,60.0,Silage,21.7,17.0,6.6,10.5,4.6,Milk Fever,1,5.0,2025-08-02
COW_0276,Angus,100,3,608.8,17.6,52.3,Grain,24.7,16.0,5.6,7.6,4.4,Milk Fever,1,6.06,2024-09-15
COW_0277,Hereford,105,6,677.2,31.6,80.0,Hay,21.2,17.2,5.7,7.0,5.8,Retained Placenta,1,5.0,2024-09-24
COW_0278,Angus,88,7,644.4,24.9,76.1,Hay,31.1,16.4,5.8,7.9,7.8,None,0,8.12,2025-05-28
COW_0279,Jersey,49,1,779.7,29.1,68.8,Grass,23.5,14.0,2.2,7.3,4.8,Milk Fever,1,7.84,2025-01-08
COW_0280,Hereford,120,6,621.6,23.8,58.7,Silage,27.3,12.5,9.1,8.9,7.1,Ketosis,1,10.36,2025-01-13
COW_0281,Simmental,76,4,689.5,34.5,71.0,Grain,22.8,12.2,4.4,9.3,4.1,Milk Fever,1,6.78,2025-07-31
COW_0282,Angus,110,8,517.7,4.4,56.5,Grass,22.6,12.0,5.5,8.3,7.4,None,0,9.51,2024-10-19
COW_0283,Angus,72,7,698.3,31.4,55.7,Silage,27.4,11.4,6.0,10.3,1.8,Milk Fever,1,5.0,2025-05-23
COW_0284,Holstein,74,1,609.7,29.3,62.1,Hay,21.9,17.3,5.6,8.9,8.5,None,0,16.17,2025-05-21
COW_0285,Charolais,118,1,779.6,5.1,44.7,Grain,28.6,16.2,4.1,9.6,8.1,None,0,11.82,2025-01-30
COW_0286,Charolais,85,5,669.0,25.2,71.1,Mixed,29.9,14.6,6.0,4.7,2.3,Mastitis,1,5.0,2025-02-22
COW_0287,Hereford,62,3,633.6,32.9,83.4,Grain,19.4,15.2,8.8,7.8,1.4,Mastitis,1,5.0,2025-03-01
COW_0288,Hereford,106,7,568.4,11.6,85.2,Grain,26.0,19.1,10.1,8.8,7.5,Retained Placenta,1,10.47,2024-11-11
COW_0289,Charolais,47,1,637.6,14.1,56.0,Mixed,16.6,17.1,9.8,7.7,8.2,Mastitis,1,7.55,2025-03-17
COW_0290,Simmental,92,4,676.4,15.5,68.3,Silage,16.6,13.1,4.3,6.8,5.6,Milk Fever,1,8.05,2024-10-24
COW_0291,Charolais,106,4,667.4,24.2,42.7,Grain,17.6,14.9,4.3,10.4,4.1,Ketosis,1,6.41,2025-03-19
COW_0292,Charolais,97,5,618.0,26.6,83.8,Silage,33.1,19.3,5.6,6.8,4.9,Milk Fever,1,7.34,2024-09-17
COW_0293,Hereford,47,8,600.4,3.0,29.7,Silage,23.8,18.8,8.3,5.8,5.0,Milk Fever,1,6.16,2024-10-10
COW_0294,Simmental,111,1,802.9,20.4,72.4,Grain,25.0,19.7,8.0,7.3,6.6,None,0,5.47,2024-11-26
COW_0295,Hereford,51,5,620.0,7.4,59.2,Silage,29.1,15.2,9.3,8.9,2.8,Milk Fever,1,5.0,2025-03-11
COW_0296,Hereford,47,5,504.3,25.6,58.4,Silage,20.3,12.7,5.0,8.6,6.6,Ketosis,1,6.2,2024-09-29
COW_0297,Charolais,40,6,756.9,15.0,100.7,Hay,25.0,11.8,6.2,7.5,4.4,Ketosis,1,8.1,2025-04-23
COW_0298,Holstein,57,4,640.0,18.4,68.5,Mixed,26.3,12.7,6.5,8.4,4.3,Ketosis,1,12.62,2024-12-26
COW_0299,Hereford,106,1,563.2,15.4,61.9,Grass,27.0,14.5,9.4,7.4,3.3,Retained Placenta,1,5.37,2025-03-12
COW_0300,Charolais,99,6,550.4,21.3,37.7,Mixed,17.1,22.1,7.6,7.7,3.1,Lameness,1,5.0,2025-07-10
COW_0301,Jersey,77,5,708.0,16.7,68.8,Grain,18.6,20.5,9.3,9.6,3.4,Mastitis,1,5.0,2025-08-06
COW_0302,Jersey,80,7,614.1,21.9,67.4,Mixed,23.7,16.2,5.3,8.1,4.0,Lameness,1,5.25,2025-08-18
COW_0303,Charolais,55,4,604.8,14.7,61.3,Mixed,22.7,18.9,6.0,8.8,3.2,Mastitis,1,5.0,2024-11-08
COW_0304,Simmental,50,8,547.6,25.8,72.7,Hay,28.5,12.5,8.5,7.9,3.7,Milk Fever,1,9.9,2025-06-22
COW_0305,Jersey,74,4,613.5,30.7,61.8,Grass,31.4,12.9,7.8,7.0,6.6,Mastitis,1,9.56,2025-04-30
COW_0306,Charolais,93,2,606.8,29.1,53.6,Silage,26.7,19.2,5.7,7.0,8.9,None,0,12.81,2024-12-16
COW_0307,Angus,100,3,629.0,23.3,77.5,Grass,21.1,15.1,8.1,6.4,10.0,None,0,10.32,2025-02-07
COW_0308,Charolais,59,3,529.0,15.7,73.5,Silage,30.9,16.6,6.1,7.5,5.6,Milk Fever,1,16.3,2024-09-19
COW_0309,Holstein,54,6,507.1,26.2,26.5,Grass,27.4,17.2,7.6,6.1,6.9,None,0,21.68,2025-06-29
COW_0310,Jersey,84,3,713.0,15.3,45.9,Grass,22.8,18.6,9.8,8.7,4.4,Mastitis,1,6.12,2025-05-20
COW_0311,Hereford,44,5,735.7,9.6,56.1,Mixed,26.0,17.9,7.6,9.7,10.0,None,0,10.84,2024-12-10
COW_0312,Holstein,32,4,654.7,14.2,68.7,Silage,16.7,15.9,6.6,10.4,4.3,Mastitis,1,5.0,2024-12-30
COW_0313,Holstein,88,3,575.9,22.7,56.2,Hay,27.7,20.9,8.7,6.7,8.6,None,0,21.41,2024-11-05
COW_0314,Simmental,33,3,652.9,30.8,63.6,Silage,21.0,15.2,8.6,10.4,6.3,Lameness,1,7.96,2025-02-16
COW_0315,Simmental,111,3,583.3,22.5,46.7,Grain,29.1,18.9,5.7,7.3,6.6,Lameness,1,15.32,2025-01-20
COW_0316,Charolais,35,6,586.9,30.3,73.6,Silage,19.3,16.7,6.7,7.5,7.9,None,0,10.47,2025-03-12
COW_0317,Hereford,84,4,513.3,18.1,107.4,Mixed,30.9,19.4,6.7,5.1,4.1,Lameness,1,5.28,2025-02-26
COW_0318,Holstein,95,4,623.6,32.7,59.4,Grain,32.4,11.5,8.3,3.7,7.5,None,0,17.67,2025-06-09
COW_0319,Hereford,113,3,617.7,15.1,59.8,Silage,31.8,22.3,4.0,7.8,10.0,None,0,15.34,2025-02-02
COW_0320,Hereford,60,7,661.8,23.7,71.9,Grass,34.7,9.4,6.9,6.8,4.5,Retained Placenta,1,12.14,2025-09-10
COW_0321,Angus,52,5,506.6,21.0,59.3,Mixed,32.2,19.7,8.3,7.4,7.5,Lameness,1,10.27,2025-07-11
COW_0322,Simmental,39,7,726.3,12.6,46.4,Mixed,17.2,24.1,4.7,8.5,3.4,Retained Placenta,1,5.0,2025-05-11
COW_0323,Charolais,72,5,630.1,24.5,46.1,Mixed,21.2,14.5,8.9,8.0,5.0,Mastitis,1,8.87,2025-01-26
COW_0324,Jersey,47,5,623.5,23.4,31.0,Grass,16.6,13.5,6.0,8.7,5.8,Ketosis,1,8.0,2025-02-21
COW_0325,Jersey,56,3,614.4,5.5,61.9,Mixed,36.5,17.6,5.4,9.6,3.4,Milk Fever,1,5.84,2024-10-18
COW_0326,Simmental,69,7,483.6,17.9,71.4,Silage,20.2,12.2,6.0,7.3,5.3,Milk Fever,1,8.61,2024-11-06
COW_0327,Charolais,33,7,644.3,25.4,42.1,Grass,32.3,13.7,9.3,5.4,5.4,Ketosis,1,10.66,2025-09-05
COW_0328,Holstein,84,2,677.4,16.0,60.7,Silage,24.9,15.9,8.3,8.7,3.2,Mastitis,1,6.34,2024-09-26
COW_0329,Holstein,57,1,513.0,28.3,57.9,Hay,25.8,14.9,4.3,8.6,4.5,Retained Placenta,1,11.12,2025-01-09
COW_0330,Jersey,35,5,726.6,7.7,46.2,Hay,26.8,16.0,4.6,8.5,7.1,None,0,12.27,2025-01-24
COW_0331,Charolais,43,2,672.8,30.4,73.9,Silage,22.9,21.5,8.7,7.8,6.1,Mastitis,1,6.97,2024-12-30
COW_0332,Hereford,89,6,515.7,4.3,75.3,Silage,21.8,13.1,4.8,6.1,4.3,Retained Placenta,1,5.92,2025-07-24
COW_0333,Jersey,117,5,599.2,8.8,72.4,Grass,18.0,18.0,3.4,6.7,8.9,Ketosis,1,5.13,2024-10-07
COW_0334,Hereford,78,6,663.1,16.1,64.3,Grass,31.1,14.0,5.9,8.6,3.9,Mastitis,1,5.72,2025-04-12
COW_0335,Charolais,66,8,430.9,22.5,64.9,Grain,20.3,22.0,12.6,7.3,4.2,Milk Fever,1,8.63,2024-11-04
COW_0336,Holstein,79,8,644.1,17.6,36.5,Mixed,27.0,10.6,8.3,8.0,4.8,Mastitis,1,9.39,2025-08-19
COW_0337,Angus,41,6,606.6,38.0,71.4,Hay,17.9,19.0,5.8,6.9,8.6,None,0,7.55,2024-11-21
COW_0338,Jersey,111,4,541.2,14.1,63.8,Grain,17.7,18.0,6.6,7.8,9.0,None,0,13.95,2025-02-10
COW_0339,Holstein,120,3,622.7,12.8,44.0,Mixed,28.4,17.6,7.8,6.5,4.9,Retained Placenta,1,10.62,2025-08-13
COW_0340,Holstein,118,1,657.2,46.0,69.3,Silage,32.0,16.1,6.8,6.4,4.5,Mastitis,1,10.68,2024-11-04
COW_0341,Charolais,80,2,574.5,22.6,78.7,Grain,24.8,11.0,7.8,7.6,5.9,Ketosis,1,5.5,2024-11-29
COW_0342,Hereford,25,5,638.8,28.7,63.9,Hay,16.5,16.0,5.7,8.9,8.1,None,0,5.79,2025-07-04
COW_0343,Angus,108,5,690.2,5.0,65.5,Silage,20.3,19.6,7.0,7.4,2.2,Retained Placenta,1,5.0,2025-06-16
COW_0344,Charolais,73,7,661.4,15.3,46.7,Hay,21.6,15.5,7.5,9.3,6.5,Lameness,1,8.32,2024-10-20
COW_0345,Simmental,87,4,706.2,19.4,71.9,Hay,29.6,21.1,4.7,7.4,4.2,Retained Placenta,1,7.11,2025-08-10
COW_0346,Jersey,60,2,606.2,20.6,52.3,Mixed,26.9,14.2,6.7,6.2,5.5,Ketosis,1,9.43,2024-11-29
COW_0347,Simmental,113,1,577.2,15.6,64.4,Grass,18.3,13.8,9.3,10.9,1.0,Milk Fever,1,5.0,2025-08-18
COW_0348,Hereford,72,3,583.2,11.2,60.8,Grain,29.7,14.2,4.6,8.5,3.4,Retained Placenta,1,5.0,2025-01-11
COW_0349,Charolais,39,2,463.0,28.8,57.0,Mixed,19.9,16.2,6.1,10.3,8.1,None,0,10.81,2025-04-10
COW_0350,Charolais,94,4,535.0,12.3,62.0,Grain,24.0,14.1,8.3,9.1,5.3,Milk Fever,1,9.38,2025-08-30
COW_0351,Angus,116,7,694.4,20.8,89.4,Silage,20.3,13.2,4.8,7.2,3.4,Retained Placenta,1,5.58,2025-09-07
COW_0352,Holstein,63,6,592.2,14.6,67.5,Mixed,30.2,16.8,8.3,8.0,4.7,Mastitis,1,16.01,2024-10-13
COW_0353,Holstein,47,8,611.4,23.2,72.5,Silage,31.5,12.9,7.0,7.3,2.4,Mastitis,1,8.79,2024-10-20
COW_0354,Hereford,60,3,687.2,28.6,45.9,Silage,30.4,18.9,7.6,9.9,4.0,Retained Placenta,1,8.55,2025-07-13
COW_0355,Simmental,30,8,645.5,16.9,86.8,Silage,15.5,14.7,6.7,8.2,4.7,None,0,5.0,2025-05-19
COW_0356,Hereford,77,4,654.9,8.9,77.0,Mixed,28.6,18.3,9.0,6.6,2.5,Mastitis,1,5.0,2025-08-07
COW_0357,Jersey,89,7,685.9,17.0,71.2,Silage,27.0,17.9,8.5,10.2,8.8,Milk Fever,1,18.16,2024-11-16
COW_0358,Simmental,34,3,733.6,14.9,59.5,Mixed,27.6,17.8,10.2,9.5,3.7,Milk Fever,1,5.83,2025-06-14
COW_0359,Jersey,29,4,586.8,27.6,60.3,Silage,21.5,18.8,11.7,10.6,3.4,Ketosis,1,5.19,2024-12-21
COW_0360,Jersey,82,5,705.3,10.8,73.1,Grass,22.0,12.9,8.5,6.2,5.6,Retained Placenta,1,10.24,2024-10-24
COW_0361,Charolais,25,4,520.1,16.2,95.3,Silage,16.4,11.6,5.8,7.7,5.5,None,0,5.47,2024-10-22
COW_0362,Angus,85,3,755.0,19.6,70.5,Silage,20.6,12.3,6.6,10.3,5.8,Ketosis,1,5.85,2025-04-29
COW_0363,Simmental,51,7,552.1,17.3,35.2,Silage,24.8,16.7,5.6,8.4,4.3,Milk Fever,1,10.99,2025-09-03
COW_0364,Hereford,35,6,621.0,20.4,55.8,Mixed,21.8,14.7,6.3,6.7,4.3,Ketosis,1,5.0,2025-05-10
COW_0365,Holstein,58,2,669.0,12.5,43.0,Grain,29.4,10.9,6.0,8.0,2.3,Milk Fever,1,5.0,2025-05-01
COW_0366,Charolais,97,8,570.3,13.6,57.0,Mixed,25.1,18.0,5.5,8.5,7.7,Retained Placenta,1,9.51,2025-08-02
COW_0367,Holstein,95,3,614.0,11.8,68.8,Hay,17.5,14.3,6.0,8.3,7.6,Lameness,1,10.39,2025-05-16
COW_0368,Angus,83,8,614.0,13.0,30.5,Hay,24.9,16.1,5.8,10.3,4.7,Retained Placenta,1,5.0,2024-09-28
COW_0369,Jersey,102,6,603.6,12.0,75.5,Mixed,28.5,14.9,8.4,7.5,4.2,Milk Fever,1,6.78,2025-03-18
COW_0370,Charolais,95,4,541.1,29.8,74.3,Grain,33.5,16.9,6.0,9.0,1.0,Retained Placenta,1,5.0,2024-11-14
COW_0371,Simmental,59,8,553.0,35.3,47.5,Grass,10.4,11.3,4.2,6.9,4.5,Milk Fever,1,7.44,2025-03-16
COW_0372,Angus,90,6,636.1,38.1,68.1,Silage,28.6,15.5,6.3,6.7,6.4,Mastitis,1,6.3,2025-06-06
COW_0373,Holstein,99,5,714.8,25.6,72.2,Grass,24.8,9.2,8.1,9.3,2.7,Lameness,1,9.2,2025-09-05
COW_0374,Angus,110,6,665.7,18.1,72.3,Grass,25.0,12.2,6.1,6.9,6.2,Ketosis,1,5.0,2024-09-22
COW_0375,Holstein,96,8,552.3,13.3,56.7,Hay,19.8,20.9,6.2,6.8,3.7,Ketosis,1,7.29,2025-01-06
COW_0376,Angus,98,6,542.1,18.1,79.0,Mixed,23.4,17.3,5.4,8.5,6.4,Ketosis,1,5.0,2025-03-07
COW_0377,Simmental,72,1,572.8,0.4,48.3,Silage,26.4,19.1,6.5,8.8,5.6,Milk Fever,1,10.9,2025-05-12
COW_0378,Angus,116,6,626.8,18.6,79.4,Mixed,19.1,13.2,8.0,9.8,1.7,Retained Placenta,1,6.14,2025-01-22
COW_0379,Hereford,45,8,675.2,12.5,56.6,Hay,18.3,16.4,8.0,9.0,8.9,Lameness,1,7.8,2025-01-06
COW_0380,Charolais,118,1,502.4,25.8,41.7,Mixed,26.4,13.2,6.7,8.7,3.6,Milk Fever,1,5.0,2025-01-10
COW_0381,Holstein,57,7,526.9,20.3,77.1,Grass,27.2,17.9,6.7,10.0,5.4,Lameness,1,19.04,2025-05-04
COW_0382,Charolais,105,2,672.0,18.9,64.0,Mixed,20.2,13.4,4.8,6.1,6.4,Retained Placenta,1,5.0,2024-09-27
COW_0383,Angus,56,7,568.3,29.6,52.1,Grass,24.3,18.5,7.8,8.6,4.1,Milk Fever,1,7.01,2025-01-22
COW_0384,Holstein,33,6,579.5,28.5,63.0,Silage,32.4,17.3,7.3,9.5,5.7,Lameness,1,15.57,2024-12-31
COW_0385,Charolais,29,7,547.4,8.7,52.0,Mixed,31.8,13.3,4.5,10.0,7.5,None,0,15.3,2025-02-26
COW_0386,Hereford,95,1,568.3,25.2,83.2,Mixed,30.2,17.5,8.6,7.9,5.1,Ketosis,1,6.22,2024-11-28
COW_0387,Hereford,77,1,648.2,16.3,49.0,Hay,21.7,21.4,3.7,9.0,5.3,Milk Fever,1,6.23,2024-10-23
COW_0388,Angus,88,7,536.7,24.9,81.0,Grass,25.4,15.8,9.8,8.9,3.8,Mastitis,1,5.0,2025-08-03
COW_0389,Simmental,97,7,690.6,12.0,64.2,Silage,29.1,16.1,5.3,8.7,4.5,Lameness,1,8.93,2025-01-29
COW_0390,Jersey,46,8,600.0,22.1,39.1,Grass,31.7,15.0,7.8,10.0,4.6,Milk Fever,1,8.98,2025-01-10
COW_0391,Charolais,31,5,632.2,1.0,70.9,Grass,30.3,21.4,5.9,8.4,4.5,Ketosis,1,11.53,2025-05-11
COW_0392,Angus,67,5,638.8,19.1,45.6,Grass,21.2,15.0,6.8,5.9,5.6,None,0,7.9,2025-04-17
COW_0393,Hereford,56,4,535.0,8.2,58.6,Hay,26.5,16.2,6.9,7.1,8.9,Milk Fever,1,13.0,2025-05-31
COW_0394,Jersey,43,5,655.0,13.5,64.9,Grass,30.1,14.2,9.6,7.7,10.0,None,0,12.96,2025-06-12
COW_0395,Charolais,107,4,468.1,15.6,88.5,Grass,22.9,10.5,8.4,8.4,4.7,Milk Fever,1,5.53,2025-05-26
COW_0396,Simmental,86,5,622.7,22.9,70.1,Hay,22.2,12.9,5.2,7.1,6.7,Ketosis,1,11.77,2024-12-27
COW_0397,Hereford,87,3,416.0,22.6,79.2,Mixed,28.4,13.4,7.1,6.7,5.0,Ketosis,1,7.47,2025-06-25
COW_0398,Jersey,74,3,724.0,38.0,60.0,Silage,23.4,22.8,6.4,9.1,4.7,Ketosis,1,8.19,2025-07-04
COW_0399,Hereford,59,1,654.8,23.0,62.0,Mixed,25.6,13.0,5.8,9.1,3.2,Ketosis,1,5.79,2024-09-17
COW_0400,Hereford,55,5,553.3,18.8,58.9,Grass,18.3,15.5,7.4,7.0,5.7,Lameness,1,8.58,2025-04-17
COW_0401,Charolais,26,3,640.1,33.6,32.3,Grain,27.7,14.8,7.9,6.3,3.2,Ketosis,1,5.0,2025-08-20
COW_0402,Simmental,31,6,482.0,7.0,101.6,Grain,22.2,11.2,10.7,9.2,5.5,Mastitis,1,7.46,2025-06-28
COW_0403,Charolais,66,2,497.2,17.1,81.7,Silage,24.2,11.6,8.7,7.1,5.3,Ketosis,1,8.52,2024-12-14
COW_0404,Simmental,29,3,721.3,16.5,56.2,Silage,28.8,11.9,8.2,8.7,3.4,Lameness,1,8.0,2025-01-06
COW_0405,Charolais,101,6,650.2,26.4,57.9,Grain,18.3,5.3,8.7,8.6,7.0,Mastitis,1,6.33,2025-04-26
COW_0406,Charolais,106,6,603.0,19.6,68.1,Silage,23.1,13.9,4.7,6.7,6.3,Retained Placenta,1,12.4,2025-04-02
COW_0407,Holstein,27,6,477.8,23.8,59.8,Mixed,27.3,12.8,7.1,8.7,2.5,Lameness,1,5.24,2025-05-05
COW_0408,Jersey,65,6,490.8,30.6,45.2,Hay,22.4,12.5,3.8,8.9,3.2,Retained Placenta,1,7.52,2025-07-08
COW_0409,Angus,78,6,652.6,29.1,55.5,Grass,28.8,15.5,9.4,8.4,4.9,Milk Fever,1,5.0,2024-12-08
COW_0410,Hereford,39,5,643.9,13.5,63.8,Silage,28.1,18.5,4.0,3.9,3.3,Mastitis,1,5.0,2025-08-02
COW_0411,Simmental,47,7,601.7,31.1,34.6,Mixed,26.0,19.9,10.3,7.6,4.4,Retained Placenta,1,5.08,2024-11-01
COW_0412,Jersey,120,3,724.9,18.7,60.8,Mixed,24.7,13.1,7.3,8.8,1.3,Ketosis,1,5.0,2025-05-12
COW_0413,Hereford,44,7,581.5,28.8,48.9,Silage,20.2,10.5,9.4,8.3,3.4,Milk Fever,1,5.0,2024-10-28
COW_0414,Hereford,78,3,767.3,36.7,57.1,Mixed,24.8,15.6,8.1,6.7,6.7,Mastitis,1,5.91,2025-03-15
COW_0415,Holstein,25,2,656.8,21.5,62.7,Grain,28.2,14.7,8.5,10.8,7.2,None,0,14.22,2024-11-08
COW_0416,Hereford,74,1,501.1,31.3,74.8,Grain,26.5,16.4,8.6,9.2,8.8,Ketosis,1,8.05,2025-01-22
COW_0417,Charolais,105,5,643.9,25.9,79.7,Silage,27.9,16.0,8.5,8.9,6.5,Ketosis,1,13.93,2025-04-06
COW_0418,Simmental,87,3,644.1,29.5,57.5,Silage,23.3,20.6,7.3,8.3,8.5,None,0,14.27,2025-03-23
COW_0419,Simmental,69,7,518.1,38.0,59.2,Grass,22.4,11.3,7.6,9.5,3.9,Lameness,1,8.22,2025-02-14
COW_0420,Jersey,90,7,756.8,25.7,31.6,Hay,22.6,13.2,8.4,6.7,5.1,Lameness,1,5.39,2025-08-17
COW_0421,Hereford,103,8,599.3,21.9,47.5,Hay,19.2,19.2,6.6,8.7,6.4,Ketosis,1,8.86,2025-02-17
COW_0422,Jersey,93,6,653.3,18.6,60.2,Grain,37.5,15.0,5.4,6.5,7.6,None,0,13.6,2025-05-03
COW_0423,Hereford,49,4,542.1,9.5,50.9,Mixed,16.5,17.0,4.2,9.2,8.4,Mastitis,1,9.21,2025-05-25
COW_0424,Angus,36,3,632.1,26.3,88.0,Grass,28.8,14.4,5.3,5.7,5.4,Lameness,1,5.0,2024-10-11
COW_0425,Simmental,73,8,520.9,19.4,88.9,Mixed,17.8,17.2,7.3,8.5,5.7,Retained Placenta,1,6.27,2025-02-19
COW_0426,Hereford,72,2,597.4,15.3,59.3,Silage,32.7,16.1,10.0,9.4,3.4,Mastitis,1,5.83,2025-04-11
COW_0427,Hereford,48,6,668.8,13.0,51.2,Hay,26.6,12.2,11.1,9.6,6.6,None,0,9.25,2025-05-20
COW_0428,Angus,75,1,482.3,22.3,110.7,Grain,27.8,15.4,7.9,7.1,7.1,Lameness,1,6.13,2025-05-22
COW_0429,Holstein,105,2,598.1,9.5,83.4,Mixed,12.3,10.9,7.0,6.7,8.5,Milk Fever,1,8.61,2024-09-23
COW_0430,Holstein,54,7,628.2,7.8,73.5,Hay,27.0,18.5,7.8,6.7,4.4,Lameness,1,9.65,2025-02-01
COW_0431,Holstein,80,2,718.3,16.5,66.8,Grass,27.7,16.5,6.1,5.4,6.1,Lameness,1,12.85,2025-02-28
COW_0432,Angus,111,7,572.6,26.5,50.6,Hay,21.7,14.0,8.2,7.6,7.7,None,0,7.37,2025-02-20
COW_0433,Jersey,104,6,532.6,29.8,39.2,Grain,23.3,14.1,11.5,10.7,2.0,Lameness,1,5.0,2025-02-16
COW_0434,Angus,106,5,554.2,4.6,34.3,Mixed,24.1,8.4,5.0,8.8,7.4,None,0,8.46,2024-09-30
COW_0435,Simmental,43,7,651.7,13.0,40.0,Grain,28.6,22.0,8.7,6.9,6.8,Mastitis,1,15.78,2025-04-05
COW_0436,Simmental,81,8,573.1,6.3,55.2,Mixed,23.2,18.2,8.0,7.5,2.8,Ketosis,1,8.26,2025-01-31
COW_0437,Simmental,97,3,592.6,19.7,58.9,Grass,20.5,15.4,3.6,9.1,5.9,None,0,11.96,2024-10-30
COW_0438,Simmental,77,3,575.2,30.3,59.4,Hay,27.3,18.4,2.7,7.7,5.2,Ketosis,1,11.16,2025-03-26
COW_0439,Angus,89,7,580.6,21.4,71.3,Mixed,22.3,10.8,10.4,7.2,5.5,Lameness,1,6.97,2025-07-13
COW_0440,Holstein,114,3,437.6,25.2,55.2,Grain,34.3,15.9,5.6,6.0,2.8,Milk Fever,1,7.18,2025-06-10
COW_0441,Angus,120,4,473.0,23.2,65.2,Grain,21.7,22.4,4.7,9.6,5.9,Ketosis,1,9.39,2025-09-07
COW_0442,Charolais,110,2,491.0,23.5,57.7,Grain,23.4,15.9,4.6,7.8,6.1,None,0,11.21,2025-01-19
COW_0443,Hereford,43,3,653.1,26.4,76.2,Silage,26.7,16.6,6.0,8.0,1.9,Mastitis,1,5.0,2024-11-07
COW_0444,Charolais,87,7,540.0,19.5,60.8,Silage,29.5,12.2,4.6,5.6,6.8,Milk Fever,1,15.52,2025-07-13
COW_0445,Simmental,40,5,565.2,23.0,68.2,Grass,24.2,13.8,6.9,6.0,9.7,Lameness,1,21.55,2024-09-16
COW_0446,Simmental,102,4,657.3,27.9,24.8,Grain,30.7,11.8,6.5,10.4,5.8,Retained Placenta,1,10.51,2025-01-14
COW_0447,Jersey,52,1,464.6,19.7,56.4,Silage,26.9,20.7,7.2,7.0,5.5,Retained Placenta,1,12.99,2025-04-14
COW_0448,Angus,50,3,634.2,12.0,87.9,Grain,26.2,17.5,7.5,8.3,4.8,Ketosis,1,5.0,2025-07-03
COW_0449,Angus,116,7,618.5,23.3,37.8,Grass,26.8,16.2,3.3,9.8,9.0,None,0,10.36,2025-01-04
COW_0450,Hereford,93,1,609.5,18.3,63.5,Silage,29.0,15.9,5.9,7.5,3.2,Lameness,1,5.0,2025-08-10
COW_0451,Holstein,49,1,504.2,21.8,77.3,Hay,27.9,14.1,7.6,7.4,3.5,Milk Fever,1,6.46,2025-08-30
COW_0452,Hereford,101,7,554.3,18.3,79.0,Mixed,27.9,17.2,9.0,6.7,6.7,Retained Placenta,1,9.64,2025-06-13
COW_0453,Angus,50,8,700.3,21.7,64.5,Silage,32.6,12.7,6.7,7.3,6.6,None,0,13.21,2024-10-23
COW_0454,Charolais,111,1,549.7,25.7,97.6,Silage,18.4,15.6,6.6,7.7,3.4,Lameness,1,6.79,2025-04-23
COW_0455,Charolais,60,8,544.3,6.2,38.1,Grain,26.7,21.3,7.6,7.9,6.2,None,0,14.21,2024-12-05
COW_0456,Simmental,42,6,649.4,12.5,63.7,Silage,15.8,22.2,10.0,7.3,4.2,Milk Fever,1,5.0,2024-09-30
COW_0457,Jersey,29,6,606.2,24.3,71.2,Hay,32.1,18.8,7.3,10.2,5.3,Milk Fever,1,12.81,2025-03-26
COW_0458,Hereford,38,6,756.7,21.1,71.6,Mixed,22.8,17.4,9.7,7.9,8.4,None,0,11.76,2025-02-18
COW_0459,Angus,50,2,505.7,22.7,63.6,Silage,26.3,15.1,7.4,8.0,5.6,Retained Placenta,1,6.41,2024-09-20
COW_0460,Hereford,73,2,574.3,23.9,58.0,Hay,31.8,20.0,6.8,8.5,6.9,None,0,8.9,2025-07-27
COW_0461,Holstein,111,3,639.5,6.9,51.7,Mixed,26.4,17.5,7.6,5.9,3.0,Milk Fever,1,5.0,2024-10-14
COW_0462,Jersey,72,1,565.1,32.0,64.4,Grass,26.0,13.7,6.7,7.4,4.0,Mastitis,1,9.11,2025-01-13
COW_0463,Hereford,88,4,537.9,22.9,60.6,Grass,25.8,11.9,8.4,6.5,6.1,Milk Fever,1,8.75,2025-02-27
COW_0464,Simmental,105,2,544.4,21.0,42.2,Grass,25.8,15.1,4.7,7.7,3.7,Ketosis,1,7.34,2025-01-26
COW_0465,Simmental,52,3,544.0,20.2,91.2,Hay,26.2,18.5,10.1,7.2,4.4,Mastitis,1,6.94,2024-11-08
COW_0466,Angus,63,8,602.6,36.4,73.0,Mixed,20.3,16.4,5.9,8.1,3.8,Mastitis,1,5.0,2025-04-10
COW_0467,Jersey,66,7,524.4,22.9,78.7,Silage,16.5,18.4,2.9,10.7,7.4,Lameness,1,5.04,2025-03-25
COW_0468,Jersey,106,8,571.8,19.1,58.2,Grass,31.7,13.3,4.6,7.4,5.9,Lameness,1,11.39,2025-07-26
COW_0469,Charolais,111,7,609.2,14.1,54.9,Hay,18.9,15.0,2.1,9.0,5.3,Mastitis,1,6.42,2025-02-17
COW_0470,Jersey,54,8,739.1,28.0,53.0,Grain,24.4,19.0,6.0,7.3,4.2,Milk Fever,1,7.32,2024-12-19
COW_0471,Angus,65,1,599.7,31.8,54.0,Mixed,34.1,13.1,5.8,6.3,3.9,Lameness,1,5.0,2024-11-29
COW_0472,Jersey,106,2,567.2,17.7,59.0,Grain,22.3,15.9,9.6,8.7,6.2,Retained Placenta,1,7.82,2025-08-04
COW_0473,Simmental,56,8,543.9,13.2,51.3,Hay,25.2,19.7,2.3,5.3,6.2,None,0,15.3,2025-07-12
COW_0474,Hereford,94,6,636.2,27.9,79.1,Grass,25.1,15.3,7.4,7.2,3.6,Milk Fever,1,5.0,2024-10-21
COW_0475,Simmental,120,1,504.6,32.7,59.1,Grain,31.3,17.6,6.6,9.1,6.6,Retained Placenta,1,9.46,2025-09-01
COW_0476,Angus,86,4,643.8,35.1,61.9,Hay,26.8,13.5,6.4,7.2,3.8,Milk Fever,1,5.0,2025-03-06
COW_0477,Holstein,68,8,441.9,20.7,48.4,Silage,27.5,16.1,6.2,6.3,3.5,Milk Fever,1,14.16,2025-01-07
COW_0478,Hereford,89,1,650.5,26.9,77.5,Grain,30.4,11.9,4.6,6.8,4.6,Ketosis,1,5.0,2025-05-06
COW_0479,Jersey,24,2,746.4,6.0,35.0,Silage,20.3,13.4,8.5,6.6,1.3,Retained Placenta,1,5.0,2025-09-02
COW_0480,Hereford,85,5,552.0,19.9,13.8,Silage,28.5,19.7,8.4,7.6,6.7,Lameness,1,11.08,2025-05-12
COW_0481,Jersey,103,8,497.6,18.4,83.5,Silage,20.7,19.8,8.7,8.3,5.5,Milk Fever,1,5.57,2025-03-05
COW_0482,Holstein,36,2,516.0,33.3,64.2,Silage,31.6,21.5,5.3,9.6,5.6,Ketosis,1,10.54,2024-12-18
COW_0483,Holstein,102,5,507.8,25.7,79.6,Grain,27.9,18.8,4.6,6.7,4.0,Milk Fever,1,8.72,2025-05-13
COW_0484,Hereford,43,3,660.4,24.3,58.7,Hay,28.3,10.5,8.9,7.9,8.3,None,0,10.43,2025-08-11
COW_0485,Holstein,28,5,519.2,5.0,58.0,Grain,21.2,15.1,8.3,9.9,2.7,Lameness,1,8.65,2025-03-07
COW_0486,Angus,24,2,586.6,20.0,52.4,Mixed,21.8,16.4,6.8,9.5,1.0,Retained Placenta,1,5.0,2024-11-25
COW_0487,Jersey,64,4,590.1,22.2,56.4,Mixed,22.0,18.2,8.4,9.8,1.0,Mastitis,1,5.0,2024-10-21
COW_0488,Angus,100,1,598.9,21.0,82.9,Silage,16.9,11.6,8.6,5.7,6.2,Ketosis,1,5.0,2025-07-26
COW_0489,Angus,63,2,753.6,16.2,75.3,Mixed,35.3,15.8,6.5,8.2,9.4,None,0,12.05,2024-09-25
COW_0490,Simmental,48,8,569.1,13.8,44.1,Grain,22.0,19.1,7.4,7.3,10.0,None,0,17.26,2025-09-05
COW_0491,Charolais,71,6,528.7,23.0,53.6,Grain,26.0,17.5,5.1,7.8,7.7,Mastitis,1,21.71,2025-06-27
COW_0492,Angus,67,7,562.7,25.5,47.9,Hay,38.9,21.6,5.8,9.2,4.5,Mastitis,1,5.0,2025-05-18
COW_0493,Holstein,59,5,704.2,24.0,82.8,Mixed,32.0,22.1,6.2,8.3,4.2,Mastitis,1,14.97,2025-03-13
COW_0494,Hereford,93,2,520.9,24.1,73.9,Grass,26.1,11.0,7.8,7.3,9.6,Lameness,1,14.27,2025-06-09
COW_0495,Hereford,94,4,523.4,22.8,66.1,Grain,31.9,16.6,6.2,7.7,6.4,Retained Placenta,1,10.34,2025-05-07
COW_0496,Charolais,40,3,702.8,28.5,72.1,Hay,32.8,17.1,6.5,7.8,4.1,Lameness,1,7.82,2025-03-09
COW_0497,Angus,76,7,668.5,19.0,69.4,Silage,17.0,19.0,5.5,11.4,7.7,Milk Fever,1,6.42,2025-07-19
COW_0498,Angus,42,5,547.2,21.0,54.0,Grain,21.2,15.6,7.6,7.0,5.8,Lameness,1,5.0,2024-10-11
COW_0499,Simmental,63,7,669.6,4.3,85.0,Mixed,32.2,13.1,6.9,10.1,4.6,Retained Placenta,1,11.52,2025-04-27
COW_0500,Simmental,49,7,613.9,15.6,79.9,Silage,19.9,16.3,4.9,5.8,1.7,Milk Fever,1,5.0,2025-07-23
COW_0501,Charolais,94,8,638.5,13.8,67.6,Silage,36.1,21.6,8.4,9.3,5.3,Mastitis,1,11.77,2025-02-15
COW_0502,Angus,36,2,600.7,27.8,31.9,Mixed,19.3,14.0,6.3,7.7,9.0,None,0,7.26,2025-04-13
COW_0503,Charolais,79,3,755.0,12.5,62.8,Hay,22.1,13.4,7.6,8.2,3.3,Lameness,1,6.99,2024-11-05
COW_0504,Hereford,59,6,558.1,34.0,44.2,Grain,29.4,11.0,9.8,7.2,9.3,None,0,21.2,2025-08-17
COW_0505,Simmental,47,4,654.0,20.6,66.1,Mixed,25.4,15.0,8.3,10.5,1.9,Lameness,1,5.0,2024-10-24
COW_0506,Simmental,34,6,583.2,30.2,47.2,Mixed,24.2,13.0,9.2,6.5,6.4,None,0,13.25,2025-04-18
COW_0507,Angus,57,3,632.5,19.4,29.8,Mixed,26.1,15.4,9.1,8.4,4.9,Milk Fever,1,7.94,2025-06-29
COW_0508,Hereford,72,2,557.4,15.9,51.4,Silage,23.0,17.5,4.9,8.4,7.0,Retained Placenta,1,10.15,2024-12-18
COW_0509,Jersey,40,2,528.0,24.4,73.2,Grain,24.8,16.1,6.1,8.4,5.1,Lameness,1,5.0,2024-10-06
COW_0510,Charolais,117,5,584.9,13.9,73.8,Mixed,24.3,19.2,10.5,7.7,4.4,Milk Fever,1,7.88,2024-09-29
COW_0511,Jersey,61,4,571.4,15.7,75.5,Mixed,22.4,11.6,2.7,5.8,4.3,Retained Placenta,1,6.48,2024-09-16
COW_0512,Holstein,74,4,588.4,16.1,74.1,Hay,23.8,22.6,7.1,7.3,8.7,Mastitis,1,19.6,2025-02-17
COW_0513,Simmental,116,1,643.1,7.3,79.5,Grain,21.1,15.9,4.8,7.5,5.5,Retained Placenta,1,5.0,2024-11-23
COW_0514,Angus,37,5,537.6,18.1,74.1,Grain,21.3,16.6,6.7,9.3,4.7,Lameness,1,5.0,2025-08-23
COW_0515,Angus,104,1,657.6,19.8,57.1,Grass,25.2,18.2,6.1,11.5,7.1,Mastitis,1,5.0,2025-08-07
COW_0516,Angus,119,4,533.4,9.2,65.3,Mixed,16.0,15.7,5.1,8.7,10.0,None,0,6.21,2024-10-07
COW_0517,Simmental,118,3,583.9,25.2,54.2,Grass,26.0,14.4,10.9,9.0,6.4,None,0,6.45,2025-02-19
COW_0518,Simmental,114,7,685.6,12.2,53.3,Mixed,33.8,19.8,7.7,8.2,2.1,Milk Fever,1,5.0,2024-12-31
COW_0519,Angus,96,4,654.2,37.2,60.9,Grass,22.4,20.8,4.4,8.4,5.9,Milk Fever,1,5.0,2025-05-20
COW_0520,Simmental,101,4,529.1,36.0,86.4,Mixed,38.4,10.0,11.8,7.0,4.8,Retained Placenta,1,10.48,2024-10-10
COW_0521,Angus,35,7,615.3,43.4,48.4,Grain,28.8,18.4,5.7,8.3,1.0,Lameness,1,5.0,2025-09-10
COW_0522,Charolais,89,7,748.7,18.1,51.6,Mixed,17.1,16.8,7.9,7.7,5.5,Ketosis,1,7.31,2024-11-19
COW_0523,Hereford,106,7,618.3,15.0,61.2,Grain,14.9,15.7,5.5,9.2,6.5,Milk Fever,1,6.26,2025-03-01
COW_0524,Holstein,44,2,650.2,17.0,65.9,Hay,20.3,19.5,9.7,7.6,4.4,Lameness,1,5.26,2024-10-06
COW_0525,Angus,40,8,598.6,17.6,57.2,Mixed,22.6,18.8,6.7,5.9,6.8,Lameness,1,11.07,2025-02-22
COW_0526,Hereford,92,2,666.1,22.2,94.4,Mixed,25.4,16.9,8.6,9.5,2.5,Milk Fever,1,5.0,2025-05-18
COW_0527,Simmental,55,2,658.1,23.7,73.1,Grain,13.6,12.2,5.5,8.8,1.0,Mastitis,1,5.0,2025-09-12
COW_0528,Hereford,93,3,481.7,17.2,62.1,Grass,25.9,11.7,7.8,8.7,5.4,Milk Fever,1,7.92,2024-12-10
COW_0529,Hereford,116,5,601.4,11.6,65.8,Grass,21.6,16.4,6.4,9.7,6.2,Mastitis,1,6.29,2024-10-12
COW_0530,Jersey,27,8,459.4,19.9,61.5,Mixed,26.1,15.9,6.9,9.6,3.5,Lameness,1,7.47,2025-05-15
COW_0531,Angus,30,5,756.2,14.5,57.0,Grass,20.9,18.2,7.2,7.7,4.0,Ketosis,1,6.51,2025-06-10
COW_0532,Charolais,55,3,696.6,25.8,90.0,Mixed,30.6,17.4,9.5,9.5,8.2,Retained Placenta,1,19.02,2024-11-06
COW_0533,Charolais,71,2,601.4,17.6,87.8,Silage,25.5,14.2,10.5,10.7,7.3,None,0,11.9,2024-09-18
COW_0534,Angus,98,4,658.8,16.1,63.2,Silage,21.7,11.6,9.5,6.8,7.1,Lameness,1,9.54,2025-06-29
COW_0535,Charolais,106,2,470.9,12.8,75.6,Mixed,18.9,14.6,6.4,6.6,5.6,Retained Placenta,1,5.28,2025-03-31
COW_0536,Simmental,88,7,672.9,18.9,48.1,Silage,30.2,18.8,4.8,8.4,7.0,None,0,18.67,2025-03-27
COW_0537,Holstein,41,1,666.0,9.5,60.7,Hay,27.0,19.9,7.1,8.0,1.0,Ketosis,1,5.0,2024-10-22
COW_0538,Hereford,116,5,623.1,9.3,66.5,Hay,30.1,8.2,8.0,6.6,8.6,None,0,10.77,2025-09-09
COW_0539,Holstein,90,4,577.2,10.9,56.5,Grain,22.2,17.0,4.6,7.1,7.6,Lameness,1,14.56,2024-11-25
COW_0540,Holstein,65,3,633.3,31.5,53.1,Mixed,22.5,16.9,10.6,9.6,5.8,Milk Fever,1,10.05,2024-11-27
COW_0541,Simmental,51,7,759.3,25.2,69.7,Mixed,22.6,20.0,6.4,9.4,5.3,Ketosis,1,12.43,2025-02-24
COW_0542,Angus,55,1,613.2,2.2,83.2,Grass,20.0,15.6,5.3,9.0,4.8,Lameness,1,5.0,2025-03-30
COW_0543,Jersey,98,4,521.1,31.5,78.1,Grain,25.3,16.5,10.9,7.5,7.4,Lameness,1,12.36,2025-08-24
COW_0544,Jersey,26,5,583.2,24.8,56.5,Silage,28.4,10.5,8.9,7.6,6.2,Mastitis,1,9.99,2024-10-14
COW_0545,Charolais,89,4,733.4,25.1,68.2,Grain,21.2,9.7,8.0,8.5,10.0,None,0,13.31,2025-06-13
COW_0546,Holstein,39,1,573.5,9.0,68.3,Silage,17.1,17.2,3.5,9.3,4.2,Retained Placenta,1,5.0,2025-09-09
COW_0547,Simmental,109,6,566.4,31.4,73.2,Silage,36.9,20.1,4.6,9.2,6.7,Lameness,1,15.74,2025-01-24
COW_0548,Holstein,42,5,614.8,13.5,58.3,Hay,31.4,15.2,4.0,7.5,5.3,Lameness,1,11.19,2024-11-15
COW_0549,Holstein,76,4,677.7,12.1,91.5,Grass,16.8,14.5,8.0,7.8,2.4,Mastitis,1,6.08,2025-03-08
COW_0550,Hereford,99,6,569.4,14.0,64.4,Silage,24.7,13.6,4.7,8.7,9.7,None,0,9.65,2024-12-09
COW_0551,Holstein,90,2,730.0,19.2,63.8,Grass,24.1,18.3,5.3,6.8,8.1,Retained Placenta,1,12.01,2025-03-19
COW_0552,Simmental,91,6,575.4,22.6,47.7,Silage,17.2,18.4,6.5,7.2,4.7,Milk Fever,1,5.0,2025-02-13
COW_0553,Hereford,36,5,504.8,19.6,73.7,Hay,31.4,16.9,8.0,6.9,3.1,Mastitis,1,5.58,2024-11-16
COW_0554,Angus,106,8,697.4,25.4,46.1,Grass,29.4,16.4,10.0,8.2,2.7,Milk Fever,1,8.15,2025-02-02
COW_0555,Jersey,50,5,729.2,32.3,77.7,Grain,21.1,11.7,5.1,9.2,6.3,Retained Placenta,1,10.91,2025-05-04
COW_0556,Holstein,93,2,484.9,28.0,86.4,Mixed,24.5,16.5,8.9,7.0,8.0,Ketosis,1,12.5,2025-05-17
COW_0557,Simmental,80,6,591.3,16.5,63.7,Grass,28.4,12.3,7.6,9.1,5.4,Ketosis,1,14.7,2025-02-09
COW_0558,Simmental,88,3,579.7,31.3,69.8,Mixed,20.6,10.1,7.6,9.1,4.6,Retained Placenta,1,5.23,2025-07-21
COW_0559,Hereford,98,7,478.7,23.9,69.6,Hay,24.2,16.1,12.1,7.5,7.6,Milk Fever,1,7.65,2024-11-24
COW_0560,Jersey,58,7,609.0,33.1,52.4,Grain,25.6,16.9,3.5,9.5,5.8,Lameness,1,8.83,2025-07-27
COW_0561,Hereford,66,1,688.0,19.9,70.2,Grass,35.6,10.5,8.7,8.8,4.6,Milk Fever,1,5.03,2024-12-08
COW_0562,Charolais,29,1,693.4,20.8,50.2,Mixed,21.5,13.3,7.9,9.0,8.4,Milk Fever,1,11.79,2024-11-01
COW_0563,Simmental,80,5,695.4,11.5,56.0,Grass,16.4,19.6,8.0,9.0,4.8,Mastitis,1,6.02,2025-02-10
COW_0564,Angus,55,7,469.5,14.1,74.7,Silage,25.6,13.7,6.6,7.2,8.2,Milk Fever,1,13.52,2025-03-11
COW_0565,Hereford,120,8,395.7,24.5,57.8,Hay,19.7,17.0,5.1,8.5,6.9,Lameness,1,7.11,2024-11-06
COW_0566,Angus,53,1,529.2,13.8,30.5,Grain,19.8,17.9,5.0,9.1,3.2,Milk Fever,1,5.2,2025-08-14
COW_0567,Holstein,92,1,469.3,32.8,64.7,Hay,28.9,24.4,2.6,8.6,7.0,Milk Fever,1,10.93,2025-06-21
COW_0568,Holstein,50,5,445.1,19.6,55.3,Grain,31.7,15.7,7.9,7.4,5.1,None,0,20.35,2024-10-14
COW_0569,Angus,60,8,574.1,3.5,59.1,Mixed,33.5,15.2,6.1,8.9,8.9,None,0,12.42,2025-06-20
COW_0570,Hereford,45,1,617.0,23.0,42.9,Hay,28.3,18.3,6.3,8.4,4.2,Lameness,1,5.0,2024-12-24
COW_0571,Holstein,78,6,497.8,17.4,40.5,Mixed,35.4,15.7,11.4,8.6,6.6,Milk Fever,1,19.3,2025-01-23
COW_0572,Simmental,89,5,696.5,17.5,65.4,Mixed,21.2,12.4,5.9,7.0,8.7,Ketosis,1,12.4,2025-05-21
COW_0573,Simmental,81,3,603.9,24.7,36.8,Mixed,25.0,16.2,5.8,7.0,6.6,Mastitis,1,12.09,2025-03-03
COW_0574,Holstein,29,1,602.9,25.3,80.0,Grain,17.8,18.0,8.9,9.9,6.4,Milk Fever,1,8.37,2025-08-01
COW_0575,Simmental,89,1,654.3,36.6,66.5,Silage,12.8,18.7,5.3,7.8,6.9,Mastitis,1,5.46,2025-07-28
COW_0576,Holstein,25,7,681.5,14.7,82.3,Grass,20.2,18.9,8.6,8.2,4.8,Retained Placenta,1,5.71,2024-11-27
COW_0577,Simmental,103,7,481.0,28.3,67.3,Mixed,32.9,17.6,4.0,9.7,6.8,Retained Placenta,1,16.14,2024-10-25
COW_0578,Simmental,97,3,576.4,35.0,57.7,Grass,24.4,19.2,7.7,8.4,4.9,Lameness,1,7.41,2025-04-30
COW_0579,Jersey,44,3,627.1,20.2,74.0,Hay,17.4,17.5,4.3,8.6,2.2,Mastitis,1,5.0,2025-03-22
COW_0580,Hereford,59,1,592.9,19.5,45.3,Silage,23.0,15.8,8.0,6.4,1.5,Retained Placenta,1,5.0,2025-03-06
COW_0581,Holstein,85,2,506.7,22.8,83.2,Grass,22.2,19.3,8.0,11.2,4.3,Retained Placenta,1,7.75,2024-09-14
COW_0582,Angus,113,5,494.2,28.5,60.0,Hay,30.3,13.4,9.1,6.2,6.6,Milk Fever,1,9.33,2025-05-04
COW_0583,Angus,29,3,553.6,22.0,49.7,Silage,28.9,10.7,6.1,7.7,4.7,Lameness,1,5.0,2025-05-08
COW_0584,Angus,93,4,800.2,16.8,87.4,Grain,32.7,15.1,6.4,8.6,4.3,Milk Fever,1,5.62,2024-10-26
COW_0585,Charolais,63,1,657.0,10.2,70.0,Hay,28.0,8.5,6.7,9.7,5.7,Ketosis,1,7.09,2024-09-20
COW_0586,Holstein,34,6,532.0,23.7,77.7,Silage,20.3,14.5,10.1,9.7,8.1,Mastitis,1,18.27,2024-09-16
COW_0587,Charolais,99,6,828.2,33.4,48.1,Hay,30.7,16.1,11.8,6.9,1.7,Ketosis,1,5.0,2025-05-12
COW_0588,Angus,111,6,524.0,23.0,60.4,Mixed,16.7,18.1,8.7,6.3,5.8,Mastitis,1,5.0,2025-01-22
COW_0589,Hereford,44,6,569.8,30.6,51.0,Grain,23.2,15.2,2.4,9.8,5.2,Milk Fever,1,6.96,2025-09-11
COW_0590,Charolais,93,7,601.9,10.7,56.7,Grass,19.2,15.1,7.8,7.8,3.8,Retained Placenta,1,5.0,2025-06-14
COW_0591,Holstein,112,3,591.0,14.2,70.7,Grain,28.8,10.7,1.4,9.5,5.9,Lameness,1,14.75,2025-02-03
COW_0592,Holstein,38,7,537.0,20.8,68.3,Grain,28.1,17.2,10.8,10.1,5.2,Retained Placenta,1,17.04,2025-05-26
COW_0593,Holstein,94,7,617.6,30.8,47.8,Silage,30.7,16.1,7.3,9.1,5.5,Milk Fever,1,14.8,2025-05-07
COW_0594,Holstein,59,5,597.6,15.4,78.5,Grass,34.3,19.6,5.9,9.1,5.4,None,0,20.89,2025-07-23
COW_0595,Jersey,71,4,576.3,15.8,91.8,Silage,29.6,20.0,4.0,8.4,1.0,Milk Fever,1,6.55,2025-08-07
COW_0596,Hereford,62,7,746.1,20.8,70.1,Hay,27.9,14.3,9.8,10.0,2.2,Milk Fever,1,5.0,2025-02-24
COW_0597,Jersey,34,7,579.8,25.0,75.4,Grass,24.1,16.7,5.3,6.9,5.4,Lameness,1,9.37,2025-02-03
COW_0598,Holstein,35,5,686.4,31.7,90.5,Silage,22.6,22.2,3.3,7.3,8.8,None,0,19.28,2024-11-25
COW_0599,Charolais,72,5,512.9,14.4,71.8,Hay,21.8,18.1,8.2,9.2,6.1,Mastitis,1,12.81,2025-01-01
COW_0600,Angus,82,7,713.4,25.6,60.3,Silage,21.8,21.3,4.8,7.3,3.6,Milk Fever,1,6.68,2024-11-01
COW_0601,Angus,89,2,653.0,18.4,76.7,Grain,19.3,13.5,5.7,9.6,3.0,Ketosis,1,5.0,2025-05-10
COW_0602,Jersey,77,2,560.0,10.7,38.6,Hay,27.5,18.8,7.2,9.5,2.9,Milk Fever,1,5.0,2024-10-12
COW_0603,Angus,118,3,502.3,25.5,90.3,Grain,17.3,16.9,4.9,7.9,8.8,None,0,5.19,2025-02-17
COW_0604,Jersey,48,8,757.3,17.7,61.6,Grass,30.8,18.2,7.8,6.5,4.8,Mastitis,1,13.06,2025-02-08
COW_0605,Holstein,101,5,512.0,37.4,52.9,Grass,24.9,15.0,7.4,12.0,5.0,None,0,12.29,2025-03-06
COW_0606,Simmental,69,4,443.8,25.6,93.0,Mixed,22.8,14.2,4.4,10.3,2.8,Milk Fever,1,5.49,2025-02-26
COW_0607,Simmental,87,2,788.0,25.7,49.0,Silage,26.4,21.4,6.6,7.8,5.2,Milk Fever,1,5.0,2025-09-05
COW_0608,Charolais,37,5,560.1,22.5,72.3,Hay,23.7,20.3,8.8,7.7,2.1,Ketosis,1,5.0,2024-09-28
COW_0609,Hereford,59,2,630.1,21.2,42.8,Hay,21.1,15.5,9.1,7.6,5.7,Ketosis,1,10.55,2025-08-21
COW_0610,Angus,64,5,647.0,16.8,71.1,Mixed,32.0,14.8,5.5,8.2,6.9,Retained Placenta,1,10.28,2025-09-13
COW_0611,Jersey,26,5,624.6,30.0,37.3,Hay,27.5,9.2,6.8,10.2,4.7,Milk Fever,1,5.0,2025-01-09
COW_0612,Jersey,34,3,454.8,22.5,90.7,Grain,27.2,12.3,6.3,10.0,4.3,Lameness,1,5.42,2025-08-21
COW_0613,Jersey,39,2,579.2,9.2,56.8,Grain,28.6,15.7,6.2,11.1,6.0,Retained Placenta,1,9.68,2025-03-20
COW_0614,Hereford,112,1,550.2,16.7,46.2,Grain,24.4,18.0,6.4,7.4,5.4,Lameness,1,5.0,2025-07-19
COW_0615,Jersey,91,3,584.3,18.7,49.2,Silage,34.4,16.7,4.8,9.6,5.6,Ketosis,1,6.37,2025-08-07
COW_0616,Angus,102,2,400.8,24.9,42.5,Silage,21.5,18.6,4.7,8.0,5.8,Retained Placenta,1,7.58,2025-05-25
COW_0617,Simmental,109,5,534.8,26.4,64.2,Mixed,23.2,17.8,8.4,7.0,4.8,Ketosis,1,5.0,2024-11-27
COW_0618,Holstein,27,3,562.3,13.3,60.8,Silage,31.8,21.4,7.2,8.8,5.3,Milk Fever,1,11.39,2024-12-10
COW_0619,Simmental,71,1,675.1,5.7,50.5,Hay,22.5,13.1,7.0,9.3,7.7,None,0,11.22,2024-11-19
COW_0620,Holstein,43,2,588.1,19.4,59.5,Mixed,31.9,14.1,5.5,8.1,4.7,Lameness,1,8.43,2024-11-24
COW_0621,Holstein,51,4,667.3,14.8,64.1,Grass,27.6,12.7,9.4,5.9,4.6,Mastitis,1,10.34,2025-06-17
COW_0622,Angus,106,6,556.9,27.3,52.9,Hay,19.5,10.9,6.2,9.7,6.1,Milk Fever,1,8.46,2024-12-08
COW_0623,Hereford,117,2,686.9,23.7,79.3,Mixed,31.2,12.4,6.9,8.2,4.0,Retained Placenta,1,5.0,2025-08-24
COW_0624,Simmental,112,6,534.9,16.0,65.7,Hay,24.7,14.9,4.6,8.0,6.1,Mastitis,1,10.39,2025-02-13
COW_0625,Charolais,102,1,813.3,30.0,59.4,Hay,26.3,17.2,1.5,9.3,5.8,Ketosis,1,5.62,2025-01-04
COW_0626,Hereford,119,5,522.4,25.8,52.9,Silage,27.1,19.2,7.0,8.1,3.7,Lameness,1,5.0,2025-09-03
COW_0627,Jersey,25,6,625.1,20.2,88.1,Hay,29.5,11.8,7.5,7.2,4.0,Lameness,1,10.36,2025-06-18
COW_0628,Jersey,69,3,569.8,7.6,45.7,Hay,20.8,14.3,7.4,6.0,3.1,Ketosis,1,7.22,2025-06-17
COW_0629,Simmental,116,5,499.3,16.9,66.0,Mixed,23.3,17.5,11.1,9.2,3.3,Retained Placenta,1,5.0,2025-07-18
COW_0630,Charolais,71,3,711.1,24.1,55.0,Grass,38.2,16.9,7.9,9.8,7.8,Milk Fever,1,19.71,2025-02-21
COW_0631,Charolais,63,2,647.7,8.7,53.4,Grain,28.2,17.0,8.1,10.5,5.8,Lameness,1,9.59,2025-02-17
COW_0632,Simmental,102,5,621.9,24.3,35.7,Grass,24.3,17.2,5.8,7.1,2.7,Mastitis,1,5.0,2025-04-02
COW_0633,Charolais,29,6,658.2,20.7,53.0,Grain,32.6,17.9,7.2,11.4,2.3,Retained Placenta,1,5.0,2025-05-31
COW_0634,Simmental,102,7,802.7,15.0,65.4,Mixed,27.8,15.7,4.6,8.7,2.0,Retained Placenta,1,7.93,2025-05-22
COW_0635,Angus,47,8,719.8,8.5,87.7,Grass,17.3,16.0,5.9,8.1,4.3,Mastitis,1,5.0,2025-08-06
COW_0636,Simmental,40,8,641.3,23.0,66.1,Silage,22.4,20.1,9.6,7.6,7.6,None,0,16.55,2025-07-27
COW_0637,Jersey,65,8,494.1,31.7,52.1,Mixed,21.6,19.0,5.5,9.2,7.4,None,0,8.81,2024-11-01
COW_0638,Hereford,86,1,619.2,21.9,71.2,Silage,35.7,14.5,7.0,7.7,2.3,Retained Placenta,1,5.14,2024-10-26
COW_0639,Angus,50,7,669.0,13.2,47.9,Grass,28.0,19.7,5.7,7.8,4.3,Mastitis,1,5.0,2025-08-13
COW_0640,Holstein,93,3,410.8,17.8,48.8,Mixed,25.8,16.9,7.5,8.8,1.4,Milk Fever,1,5.0,2025-05-15
COW_0641,Holstein,43,8,688.1,26.0,83.2,Mixed,23.4,15.4,6.5,7.6,6.1,Ketosis,1,12.45,2025-09-04
COW_0642,Charolais,39,8,622.6,14.4,49.0,Silage,17.2,11.4,9.3,9.8,7.3,None,0,9.26,2025-04-01
COW_0643,Angus,102,7,659.2,22.9,75.2,Silage,24.7,16.7,6.7,8.1,4.4,Ketosis,1,5.22,2025-07-05
COW_0644,Angus,66,6,553.6,15.8,55.7,Hay,27.1,16.4,8.1,7.4,5.9,Lameness,1,10.31,2025-03-20
COW_0645,Jersey,115,6,600.6,22.9,67.1,Silage,23.2,15.6,2.7,3.9,3.5,Milk Fever,1,10.67,2025-04-15
COW_0646,Holstein,83,2,571.8,29.8,54.1,Mixed,21.2,15.9,4.9,6.6,2.8,Lameness,1,6.4,2024-11-10
COW_0647,Jersey,78,1,603.6,21.2,46.6,Hay,24.2,15.6,6.2,5.6,6.4,Ketosis,1,8.92,2024-09-27
COW_0648,Hereford,48,5,551.0,9.1,69.0,Grass,28.1,16.7,9.5,8.7,5.8,Milk Fever,1,13.44,2025-07-18
COW_0649,Holstein,92,6,593.4,20.6,35.7,Mixed,27.4,14.5,4.2,11.1,7.3,None,0,20.97,2025-02-01
COW_0650,Jersey,95,6,518.9,15.7,48.6,Mixed,24.3,18.4,12.2,7.9,6.9,None,0,8.22,2024-11-20
COW_0651,Simmental,62,5,793.9,12.0,85.2,Grain,21.5,10.9,9.3,11.0,4.9,Ketosis,1,12.32,2025-06-20
COW_0652,Holstein,80,8,616.8,34.0,30.9,Grass,28.2,18.7,10.7,8.5,6.6,Mastitis,1,17.11,2025-05-13
COW_0653,Simmental,34,1,479.5,19.6,79.5,Hay,27.0,11.2,2.1,6.2,5.8,Retained Placenta,1,6.96,2024-12-16
COW_0654,Hereford,50,7,641.1,18.9,51.1,Grain,25.7,12.5,2.2,5.1,6.1,None,0,8.85,2025-07-31
COW_0655,Charolais,66,7,657.8,19.8,32.9,Grass,23.6,21.1,7.9,7.5,4.9,Lameness,1,11.8,2024-09-18
COW_0656,Charolais,76,2,512.8,18.3,66.4,Hay,23.8,20.5,6.1,8.9,3.9,Mastitis,1,5.0,2025-09-02
COW_0657,Simmental,76,1,581.3,39.2,75.4,Grass,25.7,17.3,3.4,6.2,5.1,Retained Placenta,1,5.62,2025-07-12
COW_0658,Hereford,58,4,566.2,20.1,42.9,Mixed,24.3,14.5,8.6,8.9,6.9,None,0,13.52,2024-10-30
COW_0659,Holstein,68,4,604.8,18.9,66.9,Silage,22.6,12.8,6.8,7.2,7.2,None,0,19.59,2024-09-18
COW_0660,Angus,36,4,525.7,22.1,63.8,Grass,20.8,18.7,5.8,5.8,7.9,Lameness,1,7.12,2025-04-18
COW_0661,Holstein,57,4,550.1,21.2,47.8,Mixed,23.1,13.2,7.6,6.2,5.3,Lameness,1,16.32,2025-02-13
COW_0662,Charolais,41,2,612.2,7.4,67.8,Grass,24.9,21.4,7.4,7.9,2.0,Mastitis,1,5.0,2025-03-03
COW_0663,Simmental,29,8,753.0,19.9,92.4,Grass,32.6,14.6,3.7,9.3,9.6,Lameness,1,19.67,2025-09-06
COW_0664,Jersey,67,3,505.0,24.1,79.2,Silage,28.7,15.3,6.4,10.1,5.7,None,0,9.14,2025-04-13
COW_0665,Charolais,95,1,551.9,26.3,58.8,Hay,17.0,18.4,9.6,6.6,3.0,Mastitis,1,5.0,2025-05-27
COW_0666,Hereford,72,1,712.0,14.2,60.4,Grass,19.3,18.1,7.9,8.4,4.3,Milk Fever,1,6.23,2025-03-31
COW_0667,Jersey,59,5,601.9,13.9,85.3,Silage,24.3,18.2,9.5,9.5,1.2,Lameness,1,5.0,2025-05-25
COW_0668,Holstein,31,1,551.3,24.9,57.5,Grass,30.3,13.2,9.4,6.2,3.4,Milk Fever,1,7.45,2024-11-22
COW_0669,Charolais,82,1,566.5,24.6,67.4,Silage,24.0,20.3,8.9,8.9,5.8,Ketosis,1,6.46,2024-12-31
COW_0670,Jersey,97,5,695.6,22.4,32.9,Silage,24.2,16.7,6.4,8.6,6.8,Retained Placenta,1,10.85,2024-10-19
COW_0671,Charolais,26,3,661.4,8.6,65.9,Silage,25.5,13.0,8.5,10.1,7.6,Ketosis,1,10.35,2025-09-09
COW_0672,Angus,35,3,609.6,23.1,48.0,Grass,30.2,19.7,4.0,5.2,1.0,Mastitis,1,5.0,2025-02-16
COW_0673,Holstein,30,2,532.6,27.0,89.1,Grain,24.2,14.0,5.7,9.3,7.3,Mastitis,1,12.87,2025-09-10
COW_0674,Angus,87,4,692.2,26.4,66.1,Silage,33.8,12.4,8.1,6.7,5.2,Lameness,1,6.35,2025-07-09
COW_0675,Angus,33,8,689.1,21.3,55.0,Grass,28.3,17.1,8.5,7.3,1.0,Mastitis,1,5.0,2025-07-19
COW_0676,Jersey,35,6,670.3,7.0,59.2,Mixed,22.2,20.3,8.4,6.3,6.0,Mastitis,1,7.9,2025-09-12
COW_0677,Charolais,78,4,560.0,21.7,84.4,Hay,29.1,10.2,3.3,7.6,2.2,Retained Placenta,1,5.0,2025-04-24
COW_0678,Holstein,116,3,630.1,14.1,57.2,Mixed,26.9,14.4,8.7,9.5,6.4,Retained Placenta,1,14.98,2025-03-16
COW_0679,Charolais,115,1,641.0,21.6,88.1,Mixed,22.7,13.3,4.5,6.2,4.3,Lameness,1,7.22,2025-09-12
COW_0680,Hereford,41,8,614.4,15.8,61.2,Mixed,26.8,23.5,6.7,8.2,5.7,Retained Placenta,1,11.58,2025-07-21
COW_0681,Holstein,47,5,619.8,24.7,36.3,Mixed,13.7,13.6,9.0,9.2,4.6,Lameness,1,9.31,2025-03-15
COW_0682,Holstein,79,2,689.5,12.8,102.6,Silage,29.5,13.7,8.3,5.1,8.1,None,0,13.61,2025-05-23
COW_0683,Simmental,41,5,608.1,16.9,54.9,Grass,28.9,14.4,10.2,8.9,7.3,Ketosis,1,18.14,2024-11-03
COW_0684,Angus,53,5,607.6,6.7,78.5,Grain,22.1,12.4,7.3,7.5,2.5,Retained Placenta,1,5.0,2024-11-29
COW_0685,Hereford,88,2,570.6,21.6,57.6,Silage,29.0,15.8,7.0,7.6,4.9,Ketosis,1,7.43,2024-10-20
COW_0686,Jersey,85,1,524.2,16.6,56.7,Silage,25.0,15.7,3.7,8.8,3.6,Mastitis,1,5.0,2024-12-03
COW_0687,Simmental,62,1,587.7,11.0,96.9,Hay,24.8,18.2,9.8,8.8,2.8,Ketosis,1,5.0,2025-01-13
COW_0688,Simmental,30,7,684.5,21.6,47.9,Silage,28.2,15.2,5.5,7.8,8.8,Retained Placenta,1,23.4,2025-01-26
COW_0689,Hereford,56,1,519.9,25.5,43.4,Mixed,31.5,14.9,8.6,9.0,7.9,Milk Fever,1,12.73,2025-02-19
COW_0690,Charolais,40,8,638.3,23.4,72.1,Grass,33.1,15.9,8.1,9.6,3.4,Milk Fever,1,5.0,2025-02-19
COW_0691,Simmental,94,4,505.4,21.4,76.2,Grass,20.5,16.0,5.5,8.9,6.2,Milk Fever,1,12.81,2025-08-24
COW_0692,Angus,111,1,685.5,14.9,75.6,Silage,23.6,13.6,7.4,4.3,4.7,Milk Fever,1,5.0,2025-03-18
COW_0693,Simmental,117,6,464.5,24.2,63.8,Grain,18.2,18.1,4.7,7.7,8.3,None,0,11.35,2025-06-20
COW_0694,Simmental,106,5,575.1,19.6,70.2,Grain,28.9,16.3,6.2,9.1,4.4,Mastitis,1,10.74,2025-07-23
COW_0695,Simmental,45,1,522.7,28.4,55.0,Grass,30.2,14.1,4.9,9.3,3.6,Ketosis,1,5.0,2024-12-04
COW_0696,Simmental,60,4,669.4,16.3,91.4,Hay,19.8,16.6,4.2,7.8,3.9,Mastitis,1,8.25,2024-11-04
COW_0697,Simmental,102,3,529.9,12.0,57.2,Hay,12.9,14.7,4.9,6.6,7.1,Lameness,1,5.85,2025-02-20
COW_0698,Jersey,78,5,595.7,33.1,60.8,Hay,23.8,16.4,4.9,7.0,7.4,None,0,5.87,2025-07-24
COW_0699,Simmental,105,2,517.6,19.5,69.8,Mixed,31.5,16.8,8.5,6.8,6.4,Ketosis,1,14.01,2025-08-23
COW_0700,Hereford,87,7,656.4,14.8,44.3,Mixed,24.3,12.8,10.7,8.5,3.8,Retained Placenta,1,9.93,2025-04-02
COW_0701,Charolais,79,8,465.6,18.4,67.6,Silage,26.7,13.0,5.3,9.4,3.6,Milk Fever,1,5.0,2024-10-23
COW_0702,Hereford,45,5,583.8,2.2,92.7,Grass,28.6,11.1,8.0,6.4,6.5,Lameness,1,9.19,2025-02-21
COW_0703,Holstein,57,6,619.4,11.7,59.2,Hay,26.0,19.2,7.5,7.0,4.4,Lameness,1,9.02,2025-03-02
COW_0704,Holstein,112,1,588.8,20.7,71.0,Silage,13.8,23.6,5.2,9.9,4.8,Mastitis,1,5.0,2025-06-03
COW_0705,Angus,78,2,586.8,13.8,37.2,Mixed,17.8,19.4,2.8,7.8,6.2,Lameness,1,5.0,2025-03-12
COW_0706,Hereford,77,1,565.2,30.1,80.1,Silage,17.4,20.7,6.1,5.8,3.5,Retained Placenta,1,5.0,2025-05-24
COW_0707,Angus,68,7,789.1,20.0,50.4,Grass,28.7,11.8,5.2,8.6,3.6,Mastitis,1,6.61,2025-03-25
COW_0708,Charolais,64,8,645.4,3.4,81.1,Grass,25.9,16.2,7.9,6.7,2.0,Milk Fever,1,5.0,2025-05-02
COW_0709,Angus,51,8,565.1,25.9,76.5,Silage,22.7,16.6,8.6,7.5,2.7,Mastitis,1,5.0,2024-11-30
COW_0710,Hereford,26,5,702.7,26.1,60.7,Hay,19.4,16.6,7.6,7.2,4.0,Mastitis,1,5.0,2025-01-13
COW_0711,Simmental,106,5,698.2,26.8,71.6,Hay,25.0,18.9,6.6,10.7,4.9,Milk Fever,1,13.83,2024-12-30
COW_0712,Hereford,75,1,648.5,16.9,92.7,Grass,22.8,17.7,9.1,9.9,4.5,Milk Fever,1,5.92,2024-11-02
COW_0713,Holstein,110,3,597.0,18.4,77.4,Hay,24.4,13.7,8.8,9.4,3.6,Retained Placenta,1,8.01,2025-04-22
COW_0714,Angus,96,7,614.5,15.2,52.4,Mixed,31.3,13.3,10.1,10.8,6.2,Retained Placenta,1,6.34,2025-09-11
COW_0715,Hereford,105,7,685.5,15.7,85.9,Grass,15.3,10.4,7.6,8.8,10.0,None,0,5.0,2025-06-26
COW_0716,Hereford,104,5,516.4,21.1,54.2,Grain,26.2,18.6,7.4,8.5,2.5,Mastitis,1,5.0,2025-08-06
COW_0717,Hereford,93,1,574.1,6.7,49.0,Grain,17.9,17.0,9.4,10.2,5.8,Lameness,1,8.68,2025-04-23
COW_0718,Angus,51,6,667.2,25.8,56.1,Grain,21.3,18.5,7.4,10.8,4.8,Retained Placenta,1,5.0,2025-01-27
COW_0719,Holstein,40,5,548.1,15.9,34.7,Silage,25.0,16.3,5.9,8.1,6.3,Ketosis,1,18.18,2025-01-01
COW_0720,Jersey,90,6,493.4,9.4,60.8,Mixed,23.1,11.4,2.6,8.1,8.7,Retained Placenta,1,15.14,2025-07-10
COW_0721,Holstein,73,7,742.9,18.4,54.7,Mixed,26.6,21.4,10.3,9.6,8.2,None,0,21.0,2025-01-26
COW_0722,Simmental,47,6,700.9,16.4,65.7,Silage,20.7,16.2,8.9,5.6,4.7,Retained Placenta,1,8.6,2025-04-10
COW_0723,Charolais,107,4,672.7,15.6,64.9,Mixed,24.7,17.0,9.1,7.5,6.9,Ketosis,1,12.67,2025-02-07
COW_0724,Hereford,101,2,622.7,29.3,89.8,Mixed,22.6,17.1,4.1,11.0,4.7,Mastitis,1,7.25,2025-07-14
COW_0725,Charolais,44,6,559.4,7.6,57.0,Grass,17.5,14.1,6.0,8.6,7.6,Milk Fever,1,7.07,2024-11-19
COW_0726,Simmental,116,2,625.7,12.2,35.2,Silage,29.4,18.5,9.7,6.8,4.6,Retained Placenta,1,12.03,2025-01-16
COW_0727,Hereford,65,2,697.2,30.6,66.5,Silage,23.4,12.8,10.1,9.2,5.3,Mastitis,1,7.82,2024-10-31
COW_0728,Hereford,109,6,496.7,19.8,26.8,Grass,27.7,13.9,7.5,8.8,5.4,Mastitis,1,5.97,2024-12-04
COW_0729,Hereford,111,5,657.4,8.2,66.2,Silage,15.3,14.0,3.8,4.6,3.7,Retained Placenta,1,5.0,2025-08-17
COW_0730,Hereford,86,1,621.9,23.5,68.8,Silage,20.0,12.9,4.3,6.1,5.4,Ketosis,1,5.0,2025-08-28
COW_0731,Angus,82,3,529.4,22.6,44.7,Silage,24.4,18.9,9.6,9.4,2.2,Lameness,1,5.0,2025-02-27
COW_0732,Hereford,40,7,534.7,25.7,41.4,Grass,18.8,16.5,5.0,7.6,7.9,Lameness,1,9.28,2025-07-09
COW_0733,Charolais,91,2,635.3,32.3,67.3,Hay,26.8,19.4,6.0,9.5,4.5,Lameness,1,7.35,2025-07-18
COW_0734,Simmental,107,3,636.3,13.9,70.6,Silage,20.4,14.4,7.5,5.8,4.0,Ketosis,1,5.0,2024-12-16
COW_0735,Jersey,60,5,659.8,10.3,73.0,Hay,16.6,15.2,4.3,7.6,2.6,Milk Fever,1,5.0,2025-03-17
COW_0736,Holstein,70,6,496.3,17.5,68.8,Grain,28.9,11.2,5.7,7.8,4.1,Retained Placenta,1,15.44,2025-07-26
COW_0737,Charolais,64,8,616.8,18.7,90.1,Mixed,27.5,14.7,5.5,10.2,7.0,Ketosis,1,15.8,2024-11-07
COW_0738,Hereford,57,8,567.5,12.3,52.4,Grass,26.6,14.4,6.7,5.8,6.6,Lameness,1,12.86,2025-08-24
COW_0739,Jersey,95,3,497.0,30.1,72.4,Hay,21.3,21.7,10.6,6.5,4.9,None,0,5.0,2025-05-08
COW_0740,Charolais,24,2,587.0,24.3,58.4,Silage,25.0,16.6,7.7,4.6,4.1,Retained Placenta,1,5.61,2024-09-25
COW_0741,Simmental,103,2,575.3,19.8,56.9,Grass,31.5,14.0,4.7,6.6,2.5,Milk Fever,1,7.16,2025-04-14
COW_0742,Charolais,30,3,674.8,38.3,62.1,Mixed,19.8,11.7,5.5,10.3,7.1,Mastitis,1,5.0,2025-02-19
COW_0743,Angus,76,2,546.0,15.1,67.5,Hay,26.2,16.8,3.4,8.9,7.9,Ketosis,1,8.77,2025-04-05
COW_0744,Angus,25,5,666.9,26.7,56.6,Hay,23.8,12.1,8.5,9.6,10.0,None,0,11.13,2025-01-26
COW_0745,Hereford,118,3,538.3,22.7,35.3,Hay,20.2,20.2,4.7,9.0,6.0,Mastitis,1,8.39,2025-02-27
COW_0746,Simmental,30,7,451.1,21.6,45.2,Mixed,31.6,17.9,8.1,5.5,6.7,Milk Fever,1,21.16,2025-06-27
COW_0747,Jersey,74,2,465.1,21.2,47.1,Grass,19.9,17.6,7.1,6.2,3.3,Ketosis,1,5.38,2025-06-17
COW_0748,Angus,84,7,571.8,21.5,59.3,Grass,23.9,14.9,9.3,7.9,6.7,Ketosis,1,5.48,2024-12-14
COW_0749,Hereford,26,4,444.0,18.7,81.5,Silage,21.2,16.8,7.1,10.2,6.5,Mastitis,1,8.84,2024-10-06
COW_0750,Simmental,25,7,707.4,19.4,68.8,Silage,23.3,14.5,6.8,10.8,5.8,Milk Fever,1,8.6,2025-09-06
COW_0751,Simmental,65,8,631.0,32.8,72.3,Hay,27.4,11.5,11.2,6.1,7.5,Ketosis,1,21.41,2025-01-17
COW_0752,Jersey,63,3,700.0,19.2,62.4,Grass,26.4,17.4,8.7,10.9,5.3,Retained Placenta,1,13.51,2025-04-25
COW_0753,Holstein,97,7,467.6,16.3,57.1,Mixed,27.6,15.2,6.5,8.7,4.4,Retained Placenta,1,13.08,2025-03-07
COW_0754,Holstein,91,2,591.4,16.7,60.2,Silage,25.9,17.5,6.8,8.4,6.9,Milk Fever,1,11.64,2024-11-24
COW_0755,Holstein,28,7,565.3,29.0,68.8,Mixed,21.5,15.6,4.9,8.3,4.6,Ketosis,1,5.66,2025-05-29
COW_0756,Hereford,89,2,578.4,19.9,68.3,Mixed,31.0,14.0,3.8,6.6,4.8,Retained Placenta,1,6.0,2025-07-17
COW_0757,Charolais,109,1,627.2,20.8,73.2,Mixed,33.1,17.6,10.0,8.3,3.8,Lameness,1,8.11,2025-07-02
COW_0758,Hereford,94,4,622.2,18.8,55.3,Grain,24.9,20.3,6.1,7.4,6.8,None,0,13.94,2025-07-24
COW_0759,Angus,66,6,656.9,26.6,81.2,Grass,25.6,19.5,5.8,10.1,1.0,Retained Placenta,1,5.0,2025-01-29
COW_0760,Holstein,65,7,654.5,22.0,90.1,Mixed,32.0,14.5,8.2,10.6,4.4,Ketosis,1,15.58,2025-09-02
COW_0761,Holstein,79,4,755.3,18.9,65.2,Grass,21.1,18.6,7.8,8.6,2.8,Lameness,1,7.28,2025-03-09
COW_0762,Charolais,108,5,554.5,23.5,49.9,Mixed,21.2,19.0,5.6,6.9,9.1,Milk Fever,1,13.17,2025-08-02
COW_0763,Charolais,86,5,626.2,18.8,59.5,Silage,28.5,13.8,10.5,5.9,6.6,None,0,16.13,2025-04-19
COW_0764,Charolais,105,4,629.1,11.2,61.0,Grass,26.4,15.2,8.4,6.6,1.0,Mastitis,1,5.0,2025-02-09
COW_0765,Simmental,52,7,595.8,7.4,63.7,Hay,26.6,15.3,8.5,7.3,5.5,Mastitis,1,15.66,2025-04-09
COW_0766,Jersey,72,1,513.2,19.8,48.2,Silage,30.6,21.5,3.5,5.3,5.3,Ketosis,1,10.49,2025-08-21
COW_0767,Holstein,51,6,663.0,15.6,102.7,Grain,24.8,18.7,9.0,10.0,2.2,Mastitis,1,5.74,2024-11-20
COW_0768,Jersey,43,6,524.4,27.1,66.1,Silage,22.2,17.4,7.0,6.7,4.2,Retained Placenta,1,8.83,2024-12-30
COW_0769,Holstein,31,2,666.0,15.6,51.5,Grain,21.8,19.0,7.7,7.2,2.3,Retained Placenta,1,5.0,2024-10-20
COW_0770,Simmental,107,1,514.3,21.3,60.5,Hay,31.9,13.6,2.6,5.9,1.5,Ketosis,1,5.0,2025-05-05
COW_0771,Angus,118,3,474.2,4.5,54.3,Hay,13.2,16.5,7.6,9.1,2.5,Lameness,1,5.0,2025-04-09
COW_0772,Jersey,52,2,482.2,16.1,55.3,Mixed,12.4,15.4,5.5,7.1,3.8,Lameness,1,5.0,2024-11-19
COW_0773,Simmental,79,7,549.1,28.2,82.7,Grain,33.1,12.1,9.5,5.8,5.7,Retained Placenta,1,10.62,2024-11-29
COW_0774,Holstein,58,8,659.4,30.4,70.3,Silage,18.6,14.8,9.3,7.1,7.4,Ketosis,1,17.12,2025-02-17
COW_0775,Jersey,105,6,640.2,25.7,45.6,Hay,33.9,17.8,5.7,9.6,6.9,Lameness,1,12.18,2025-02-06
COW_0776,Jersey,109,1,586.7,23.7,69.1,Hay,29.0,22.3,4.6,10.1,4.5,Mastitis,1,6.65,2025-05-11
COW_0777,Holstein,87,4,594.2,19.5,42.5,Grain,30.5,14.5,11.2,7.8,4.6,Lameness,1,16.17,2024-11-21
COW_0778,Charolais,45,7,666.8,24.3,85.2,Grain,32.5,14.7,3.7,9.3,5.7,Retained Placenta,1,9.93,2024-10-04
COW_0779,Holstein,76,4,550.4,18.2,82.1,Grass,22.0,16.5,9.5,7.8,3.6,Retained Placenta,1,9.84,2025-07-24
COW_0780,Angus,29,5,496.0,21.4,47.5,Silage,27.3,16.9,8.6,9.3,2.7,Mastitis,1,5.0,2025-08-28
COW_0781,Charolais,33,1,559.3,28.5,57.7,Grass,21.9,14.7,8.1,8.6,4.6,Retained Placenta,1,5.0,2025-07-06
COW_0782,Charolais,36,5,562.7,22.2,58.8,Mixed,24.1,18.8,7.0,7.5,4.8,Milk Fever,1,5.0,2025-08-04
COW_0783,Holstein,105,8,634.8,7.3,51.3,Grass,20.2,18.8,3.7,9.2,4.1,Mastitis,1,9.21,2025-08-06
COW_0784,Holstein,41,6,493.4,22.9,71.1,Silage,23.4,17.9,8.6,7.7,3.9,Retained Placenta,1,9.7,2025-03-10
COW_0785,Angus,88,5,480.2,14.5,59.4,Silage,22.0,10.2,9.5,7.4,4.0,Retained Placenta,1,5.0,2025-07-06
COW_0786,Simmental,42,1,595.3,20.0,46.5,Hay,21.4,13.8,6.3,8.1,3.4,Lameness,1,5.0,2025-08-28
COW_0787,Holstein,58,2,519.3,11.6,89.5,Hay,23.6,11.2,2.6,8.2,6.8,Retained Placenta,1,15.71,2025-08-30
COW_0788,Jersey,93,1,527.4,16.6,87.7,Hay,30.0,13.7,7.1,8.3,6.4,Milk Fever,1,7.21,2024-12-01
COW_0789,Charolais,114,1,630.9,23.5,69.8,Mixed,31.9,11.2,6.1,7.2,5.4,Retained Placenta,1,7.11,2024-09-21
COW_0790,Holstein,93,5,511.8,31.3,78.6,Grain,22.3,10.4,6.6,5.0,4.8,Ketosis,1,8.62,2025-04-13
COW_0791,Simmental,94,1,536.7,10.9,64.1,Mixed,17.5,15.3,9.1,7.3,6.9,Milk Fever,1,5.0,2025-09-11
COW_0792,Holstein,59,2,592.8,12.0,68.8,Silage,22.8,12.4,4.1,8.5,3.8,Retained Placenta,1,8.0,2025-05-23
COW_0793,Holstein,65,3,604.5,11.2,68.3,Hay,20.1,13.9,5.7,9.2,3.3,Lameness,1,8.66,2025-05-29
COW_0794,Hereford,24,7,556.2,17.9,69.4,Silage,29.4,15.1,3.3,8.5,4.1,Mastitis,1,7.61,2025-01-07
COW_0795,Holstein,101,1,496.2,17.6,53.7,Silage,26.8,17.9,7.7,9.3,2.6,Retained Placenta,1,5.0,2025-05-25
COW_0796,Jersey,119,4,506.9,23.3,96.3,Silage,23.0,23.4,7.8,6.0,3.4,Milk Fever,1,5.0,2024-09-14
COW_0797,Hereford,67,1,537.5,28.5,69.4,Silage,24.8,20.1,7.8,7.7,4.8,Retained Placenta,1,5.0,2025-01-08
COW_0798,Holstein,93,6,612.7,20.3,65.6,Grain,20.0,13.4,8.2,9.5,1.0,Mastitis,1,7.27,2024-09-19
COW_0799,Charolais,33,4,513.0,23.7,79.6,Hay,18.9,10.0,6.4,8.4,7.1,Lameness,1,8.99,2024-09-20
COW_0800,Hereford,74,5,521.8,25.2,53.8,Silage,22.6,15.7,6.3,7.5,4.0,None,0,5.0,2025-06-24
COW_0801,Jersey,59,5,768.5,8.9,62.4,Mixed,23.9,10.4,9.8,8.7,8.7,Milk Fever,1,11.79,2025-04-29
COW_0802,Jersey,33,3,614.8,34.7,77.7,Hay,21.5,17.8,5.9,8.0,9.4,None,0,11.94,2025-07-16
COW_0803,Simmental,61,1,592.9,24.4,45.9,Hay,27.9,22.3,8.0,8.9,5.4,None,0,9.21,2025-09-07
COW_0804,Hereford,49,7,654.3,27.4,76.7,Mixed,37.0,18.4,7.3,8.9,4.5,Lameness,1,7.36,2024-10-22
COW_0805,Holstein,113,4,490.0,22.6,89.2,Grass,25.8,15.0,5.7,9.8,3.4,Mastitis,1,10.29,2025-07-19
COW_0806,Hereford,68,1,605.9,24.4,73.5,Grass,21.6,14.8,4.1,5.9,8.9,Mastitis,1,7.97,2025-04-03
COW_0807,Angus,88,1,489.3,20.3,58.7,Grain,25.4,12.7,8.4,3.2,8.2,None,0,5.68,2025-02-09
COW_0808,Holstein,34,8,672.9,12.5,66.6,Hay,23.6,12.5,5.9,8.4,3.8,Mastitis,1,7.42,2025-03-08
COW_0809,Jersey,70,4,653.6,14.5,62.0,Grain,23.5,18.0,6.6,7.1,7.6,Ketosis,1,12.89,2025-01-20
COW_0810,Jersey,85,7,578.2,22.7,47.4,Grass,21.7,17.6,9.0,8.2,3.2,Milk Fever,1,5.0,2025-09-09
COW_0811,Charolais,82,4,626.8,11.1,63.8,Grass,22.4,17.9,6.8,8.8,6.8,Retained Placenta,1,6.63,2025-01-06
COW_0812,Jersey,110,1,539.2,35.5,62.4,Mixed,28.7,15.8,5.5,7.7,8.4,None,0,10.92,2024-12-19
COW_0813,Jersey,48,5,624.9,16.5,79.1,Silage,20.2,11.0,8.2,8.3,7.8,Lameness,1,12.43,2025-08-19
COW_0814,Holstein,66,8,695.8,9.6,75.0,Grass,23.1,19.4,5.5,8.1,8.5,Milk Fever,1,16.56,2024-11-10
COW_0815,Jersey,37,5,618.3,12.5,65.2,Grain,34.4,14.4,7.9,6.1,5.0,Lameness,1,7.19,2025-05-01
COW_0816,Simmental,45,8,632.8,36.1,44.7,Grass,23.9,17.9,5.9,8.5,5.0,Lameness,1,10.0,2025-06-03
COW_0817,Holstein,35,1,613.0,19.1,84.4,Grass,17.1,19.5,7.5,8.6,1.7,Ketosis,1,5.0,2025-01-29
COW_0818,Hereford,78,2,539.3,24.2,87.0,Grain,26.9,13.2,8.0,7.7,4.2,Retained Placenta,1,5.0,2025-07-22
COW_0819,Hereford,86,7,578.3,20.2,75.9,Mixed,33.8,15.4,6.5,11.3,5.3,Retained Placenta,1,10.0,2025-02-20
COW_0820,Jersey,99,3,523.6,15.4,65.9,Hay,24.3,14.9,7.3,7.8,10.0,None,0,12.67,2024-12-13
COW_0821,Holstein,41,6,558.4,19.1,61.8,Hay,30.6,12.5,9.7,9.8,3.7,Milk Fever,1,8.86,2024-12-14
COW_0822,Simmental,80,2,728.4,15.4,68.6,Mixed,27.1,21.3,5.0,7.1,4.0,Milk Fever,1,7.95,2024-10-24
COW_0823,Holstein,32,7,528.0,30.8,70.6,Hay,24.0,11.5,11.0,7.7,6.9,Milk Fever,1,16.28,2025-05-14
COW_0824,Hereford,118,5,394.7,33.5,74.7,Mixed,23.1,18.8,7.0,8.5,6.7,Mastitis,1,7.15,2025-08-11
COW_0825,Angus,72,7,638.4,32.1,98.6,Mixed,21.3,17.6,8.5,8.1,8.1,Ketosis,1,9.08,2025-01-15
COW_0826,Holstein,89,5,444.9,29.0,68.6,Silage,11.7,23.3,8.5,6.9,2.9,Mastitis,1,5.0,2024-11-09
COW_0827,Jersey,96,1,648.9,31.2,51.9,Silage,18.0,9.8,5.2,7.2,4.0,Mastitis,1,6.35,2024-09-28
COW_0828,Charolais,110,4,778.5,29.9,60.3,Grass,20.6,15.2,6.8,8.8,4.6,Lameness,1,5.62,2024-10-07
COW_0829,Angus,38,1,606.4,20.9,72.0,Silage,30.3,17.6,9.0,9.2,2.3,Ketosis,1,5.0,2024-09-21
COW_0830,Holstein,77,3,592.1,10.1,56.3,Grass,19.8,12.6,8.6,7.6,6.5,None,0,10.2,2024-10-13
COW_0831,Hereford,74,3,459.0,3.0,47.1,Silage,31.8,16.0,8.0,7.7,2.6,Ketosis,1,5.0,2025-08-25
COW_0832,Angus,88,6,566.3,7.6,55.6,Grass,28.6,10.0,6.2,7.6,4.0,Mastitis,1,5.36,2025-03-28
COW_0833,Angus,99,1,691.8,15.4,76.3,Silage,12.1,16.9,7.7,7.3,4.9,Retained Placenta,1,5.0,2025-01-17
COW_0834,Simmental,40,7,553.1,10.7,70.2,Grass,28.9,18.0,7.2,7.4,5.4,Mastitis,1,10.67,2025-07-17
COW_0835,Holstein,69,3,628.0,19.7,29.2,Mixed,23.0,17.9,8.4,8.0,6.5,Lameness,1,15.17,2025-08-16
COW_0836,Jersey,100,6,600.8,18.1,74.9,Mixed,36.4,12.3,7.2,6.6,5.9,Milk Fever,1,11.48,2025-06-17
COW_0837,Holstein,30,6,527.4,18.1,59.3,Grass,18.4,19.9,7.3,8.5,9.0,Mastitis,1,17.39,2024-11-28
COW_0838,Charolais,109,2,668.3,22.6,65.9,Grain,24.2,12.4,9.6,7.8,2.1,Mastitis,1,5.0,2024-10-14
COW_0839,Charolais,92,6,530.7,9.2,67.4,Silage,28.7,14.1,6.1,6.8,4.8,Retained Placenta,1,8.57,2025-02-01
COW_0840,Hereford,117,2,679.6,20.0,76.7,Silage,24.0,13.0,6.1,7.9,7.5,Milk Fever,1,10.58,2025-04-20
COW_0841,Holstein,45,3,487.5,7.2,77.0,Grain,21.8,12.7,5.0,8.4,6.8,Mastitis,1,9.29,2025-07-18
COW_0842,Simmental,74,7,550.1,21.2,89.6,Grass,19.6,17.9,3.6,8.5,4.0,Mastitis,1,7.3,2024-09-17
COW_0843,Simmental,38,3,597.5,17.0,76.3,Grass,25.4,16.1,7.2,7.7,5.1,Mastitis,1,10.97,2025-01-27
COW_0844,Simmental,102,5,687.3,12.3,68.4,Hay,24.9,16.4,8.8,8.1,7.6,Ketosis,1,13.17,2024-10-25
COW_0845,Charolais,114,6,583.0,6.2,84.5,Silage,24.5,19.2,7.0,9.1,5.8,Milk Fever,1,13.45,2024-10-17
COW_0846,Simmental,98,1,701.3,30.3,90.0,Grass,20.2,17.7,6.3,7.0,6.4,Mastitis,1,10.41,2025-05-12
COW_0847,Hereford,110,3,655.6,12.1,65.1,Grain,19.3,17.8,6.0,4.5,5.5,Mastitis,1,5.69,2024-12-02
COW_0848,Holstein,104,5,546.3,24.9,66.4,Mixed,22.2,22.0,6.2,6.5,3.9,Retained Placenta,1,9.0,2025-03-25
COW_0849,Simmental,29,7,638.7,32.5,62.6,Grass,27.1,16.7,9.0,7.6,4.6,Mastitis,1,7.17,2024-10-30
COW_0850,Hereford,48,7,587.6,10.4,55.0,Grass,27.2,13.7,2.1,5.4,1.4,Lameness,1,5.0,2025-04-06
COW_0851,Angus,25,2,656.2,1.0,74.2,Hay,29.4,13.6,8.2,7.7,4.7,Ketosis,1,5.66,2025-07-23
COW_0852,Angus,87,6,508.4,19.3,74.8,Silage,27.2,18.7,6.1,5.6,8.2,Mastitis,1,11.11,2024-10-24
COW_0853,Jersey,54,8,573.9,38.0,62.6,Hay,25.8,16.2,8.4,6.5,1.7,Ketosis,1,5.0,2025-06-09
COW_0854,Angus,76,4,541.5,20.6,80.7,Grain,28.3,18.8,6.3,6.0,5.1,Mastitis,1,10.38,2025-03-22
COW_0855,Holstein,81,5,684.5,20.8,60.5,Grain,21.2,15.4,6.8,7.3,7.2,Ketosis,1,14.81,2025-08-25
COW_0856,Simmental,99,6,531.0,15.7,81.7,Grain,25.2,15.4,10.4,7.8,6.3,Retained Placenta,1,15.8,2025-08-02
COW_0857,Holstein,27,4,655.4,11.3,57.3,Grass,26.4,18.0,7.8,11.1,6.0,Mastitis,1,10.46,2025-03-09
COW_0858,Simmental,105,7,615.4,7.3,46.3,Grain,22.3,17.9,6.6,9.3,4.2,Ketosis,1,8.59,2024-09-29
COW_0859,Jersey,92,6,588.0,10.0,66.7,Grain,28.0,17.8,4.5,7.3,7.5,None,0,13.64,2024-11-22
COW_0860,Hereford,100,6,657.9,37.3,62.8,Grain,23.3,13.9,5.5,6.8,2.6,Ketosis,1,5.0,2025-08-08
COW_0861,Charolais,43,4,532.0,17.9,63.3,Grass,29.7,19.5,5.3,7.4,3.1,Milk Fever,1,7.99,2024-12-04
COW_0862,Simmental,86,8,536.0,26.0,56.8,Hay,27.1,15.1,8.1,7.5,7.9,None,0,15.26,2025-06-29
COW_0863,Holstein,85,7,595.1,22.0,59.4,Grain,31.6,12.0,11.0,7.5,7.8,Mastitis,1,22.43,2025-04-18
COW_0864,Charolais,57,6,719.4,18.6,75.8,Grain,24.4,11.5,11.4,8.9,5.9,Retained Placenta,1,12.07,2025-08-04
COW_0865,Simmental,112,7,706.7,26.2,83.5,Grass,22.7,12.6,7.1,7.0,6.4,Retained Placenta,1,10.91,2024-10-15
COW_0866,Hereford,94,3,579.9,21.2,68.9,Hay,30.6,18.1,10.6,8.5,6.8,Ketosis,1,13.01,2025-03-05
COW_0867,Holstein,63,8,400.5,10.4,45.7,Mixed,23.1,14.5,5.1,10.3,4.1,Lameness,1,13.05,2025-02-17
COW_0868,Hereford,63,8,596.8,12.9,58.1,Hay,18.5,15.1,5.2,8.7,7.0,Milk Fever,1,8.51,2024-09-23
COW_0869,Holstein,86,6,543.2,28.6,67.0,Grass,25.7,14.5,7.5,8.3,4.4,Mastitis,1,11.79,2024-12-07
COW_0870,Charolais,29,1,519.5,17.9,38.9,Silage,27.5,10.4,5.8,7.1,9.4,Mastitis,1,11.16,2025-03-27
COW_0871,Charolais,69,6,522.7,14.9,67.6,Grass,33.8,19.4,5.8,10.1,5.5,Retained Placenta,1,8.86,2025-03-31
COW_0872,Angus,39,3,614.9,16.7,79.2,Hay,19.5,10.4,9.1,6.8,7.2,None,0,7.24,2024-12-13
COW_0873,Jersey,77,3,666.2,22.3,67.8,Hay,20.4,12.1,9.0,7.6,5.9,Lameness,1,8.87,2025-03-24
COW_0874,Simmental,87,3,558.3,19.4,68.1,Silage,15.5,16.8,3.5,9.4,6.7,None,0,10.03,2024-11-07
COW_0875,Angus,29,1,563.6,20.1,65.2,Silage,22.2,14.5,7.1,8.0,4.7,Ketosis,1,5.0,2025-02-08
COW_0876,Charolais,102,4,504.3,30.8,72.2,Grain,28.9,10.9,12.5,8.3,2.6,Mastitis,1,8.17,2024-12-01
COW_0877,Jersey,115,5,535.9,24.7,94.6,Silage,20.9,16.8,7.8,7.9,7.7,Mastitis,1,8.53,2024-12-23
COW_0878,Hereford,104,7,668.7,23.0,80.9,Mixed,36.0,17.5,7.1,9.8,3.1,Lameness,1,7.43,2025-02-16
COW_0879,Charolais,87,1,625.3,14.6,64.3,Silage,28.8,15.8,9.2,6.1,4.4,Lameness,1,5.0,2024-12-30
COW_0880,Charolais,103,8,493.8,28.7,53.6,Hay,24.1,10.9,5.7,8.8,4.6,Milk Fever,1,5.84,2025-04-07
COW_0881,Holstein,102,7,579.7,7.0,83.1,Mixed,29.8,16.9,11.3,4.8,2.4,Ketosis,1,6.93,2025-02-15
COW_0882,Simmental,30,5,571.2,5.0,53.8,Grass,30.7,9.5,6.2,9.5,4.3,Retained Placenta,1,12.08,2025-08-24
COW_0883,Simmental,79,8,674.6,25.5,47.6,Hay,22.0,20.0,6.1,9.0,9.0,Mastitis,1,15.97,2025-08-23
COW_0884,Jersey,34,6,736.8,24.8,93.5,Grain,23.0,15.0,6.8,7.1,7.4,Lameness,1,10.43,2025-09-02
COW_0885,Hereford,67,2,814.7,21.6,64.3,Hay,27.0,11.0,8.0,6.7,6.5,Retained Placenta,1,9.97,2025-05-11
COW_0886,Simmental,106,6,642.7,18.5,60.4,Grass,24.8,13.4,8.5,9.5,9.0,None,0,18.34,2025-02-15
COW_0887,Simmental,46,3,782.5,11.7,84.9,Hay,23.1,12.3,6.8,7.3,4.2,Milk Fever,1,8.16,2024-12-13
COW_0888,Hereford,41,3,568.1,29.6,56.9,Silage,29.7,15.9,6.7,7.4,3.3,Retained Placenta,1,5.0,2025-03-07
COW_0889,Angus,94,1,740.7,11.5,55.0,Mixed,19.2,12.6,9.4,9.7,4.6,Lameness,1,5.0,2024-11-14
COW_0890,Hereford,105,2,645.5,15.1,70.0,Mixed,23.6,18.2,4.1,6.8,3.1,Ketosis,1,5.0,2025-07-22
COW_0891,Hereford,119,1,711.9,25.5,38.7,Mixed,19.1,14.9,5.0,9.8,6.2,None,0,5.0,2025-03-17
COW_0892,Jersey,78,8,637.0,20.6,64.5,Hay,25.4,13.9,5.2,11.0,7.2,Mastitis,1,10.47,2025-04-08
COW_0893,Simmental,53,7,560.3,12.7,81.2,Grain,30.3,18.6,5.7,10.0,5.8,Milk Fever,1,17.41,2025-03-22
COW_0894,Jersey,109,7,466.7,34.2,46.3,Mixed,9.6,17.8,6.9,9.6,5.5,Ketosis,1,5.0,2025-05-01
COW_0895,Charolais,104,5,573.2,13.7,76.4,Grass,30.0,15.0,7.5,8.4,5.8,Milk Fever,1,13.89,2025-04-12
COW_0896,Holstein,92,5,500.0,13.1,53.5,Grass,23.9,15.7,4.1,9.1,8.8,None,0,19.52,2025-01-09
COW_0897,Hereford,107,8,627.8,-7.7,65.0,Mixed,25.4,16.9,5.8,9.0,5.0,Mastitis,1,9.85,2025-02-20
COW_0898,Angus,102,7,595.0,22.6,81.6,Grass,14.0,19.5,7.6,8.8,8.0,Retained Placenta,1,8.22,2025-07-24
COW_0899,Jersey,74,3,620.4,12.1,48.8,Grain,34.0,15.0,6.3,8.0,8.5,Mastitis,1,16.13,2025-06-04
COW_0900,Angus,93,4,803.7,17.5,64.2,Silage,23.7,17.5,7.2,8.3,6.1,Mastitis,1,10.61,2025-01-10
COW_0901,Simmental,98,1,689.6,28.9,44.0,Grass,21.0,16.0,6.2,6.1,4.2,Retained Placenta,1,5.0,2025-05-14
COW_0902,Hereford,73,5,480.7,26.1,62.3,Grass,29.7,17.6,10.3,7.9,10.0,None,0,13.83,2024-11-20
COW_0903,Hereford,119,8,506.7,19.9,84.3,Grass,22.6,16.2,6.5,7.4,6.0,Ketosis,1,7.49,2024-11-19
COW_0904,Angus,98,5,670.9,-12.2,64.0,Grain,21.4,14.8,5.0,8.3,5.2,Lameness,1,7.35,2024-11-21
COW_0905,Holstein,101,5,701.1,8.2,86.2,Hay,28.2,14.3,10.1,7.7,6.8,Milk Fever,1,18.88,2025-02-17
COW_0906,Jersey,72,4,599.0,18.9,60.8,Mixed,24.1,18.5,5.6,9.5,9.5,None,0,19.62,2024-11-16
COW_0907,Jersey,56,5,521.9,15.7,82.9,Silage,26.6,13.3,4.2,5.7,7.4,Ketosis,1,17.42,2024-12-16
COW_0908,Simmental,67,5,619.8,17.6,79.2,Grass,21.7,16.2,4.7,7.6,7.8,Lameness,1,20.3,2024-10-22
COW_0909,Hereford,93,7,509.2,25.9,57.5,Grain,32.0,16.4,9.6,10.8,6.1,Retained Placenta,1,8.26,2025-04-08
COW_0910,Simmental,70,7,589.3,17.9,62.5,Hay,25.7,15.8,6.9,6.9,5.8,Mastitis,1,17.85,2025-08-02
COW_0911,Charolais,86,6,518.0,20.0,78.0,Grain,19.1,16.8,8.1,4.7,4.2,Mastitis,1,5.0,2025-08-16
COW_0912,Hereford,92,6,537.7,20.2,49.3,Grass,21.9,18.8,6.9,8.6,3.6,Retained Placenta,1,6.29,2025-01-21
COW_0913,Holstein,36,6,576.2,29.2,40.3,Silage,17.5,16.9,9.9,8.5,2.0,Lameness,1,5.0,2025-06-23
COW_0914,Simmental,37,6,678.5,22.2,84.5,Grain,13.0,19.0,5.7,8.5,7.7,Milk Fever,1,8.49,2025-06-14
COW_0915,Angus,107,8,640.9,30.3,79.3,Silage,20.2,20.9,9.6,7.9,5.1,Milk Fever,1,5.0,2025-04-09
COW_0916,Jersey,90,1,718.9,24.1,75.5,Hay,20.8,15.6,8.3,7.9,6.8,Mastitis,1,8.47,2024-09-23
COW_0917,Charolais,41,3,554.7,27.4,74.4,Mixed,32.9,9.0,6.2,5.0,3.4,Mastitis,1,5.0,2025-09-07
COW_0918,Holstein,105,2,603.4,21.9,74.3,Mixed,25.4,22.3,9.7,7.1,6.3,Ketosis,1,13.79,2025-06-20
COW_0919,Hereford,44,5,578.2,18.7,71.6,Mixed,21.9,14.9,8.0,8.4,4.8,Retained Placenta,1,7.58,2025-05-09
COW_0920,Holstein,75,8,649.1,32.9,62.7,Silage,29.9,17.6,9.5,8.6,1.0,Mastitis,1,5.0,2025-03-26
COW_0921,Hereford,49,4,529.3,7.3,57.4,Hay,24.3,13.7,8.4,6.5,5.4,Milk Fever,1,7.84,2025-07-08
COW_0922,Angus,36,1,598.1,29.1,76.4,Silage,33.4,19.8,6.3,6.4,1.2,Mastitis,1,5.0,2025-01-08
COW_0923,Simmental,33,2,685.1,32.3,88.9,Grass,22.2,18.1,8.2,8.1,7.2,Mastitis,1,12.01,2025-09-05
COW_0924,Hereford,39,7,784.6,39.9,72.3,Hay,19.1,14.6,4.9,8.7,3.5,Mastitis,1,5.0,2025-04-10
COW_0925,Jersey,111,4,645.8,31.5,80.5,Grass,28.9,14.3,7.2,7.7,5.2,Retained Placenta,1,12.02,2025-07-17
COW_0926,Hereford,89,8,707.1,16.5,74.7,Grain,22.6,17.2,7.9,8.4,4.8,Milk Fever,1,8.29,2025-06-26
COW_0927,Charolais,48,8,531.6,30.8,39.0,Grass,30.8,20.9,6.3,8.2,3.8,Retained Placenta,1,10.97,2025-01-10
COW_0928,Angus,96,1,698.1,20.4,40.1,Silage,19.9,15.5,6.5,4.8,3.6,Retained Placenta,1,5.0,2025-03-20
COW_0929,Hereford,66,4,532.8,18.5,55.0,Grain,28.3,13.9,5.9,8.1,4.1,Lameness,1,8.65,2024-10-25
COW_0930,Hereford,54,8,519.6,18.5,98.7,Hay,26.0,13.2,9.3,8.5,6.0,Lameness,1,10.1,2025-02-27
COW_0931,Jersey,89,8,641.4,21.5,51.7,Grain,31.5,14.5,6.3,6.9,2.4,Ketosis,1,5.0,2025-05-02
COW_0932,Holstein,90,3,675.8,28.4,61.1,Mixed,22.2,16.2,7.5,7.1,4.9,Ketosis,1,6.4,2025-04-01
COW_0933,Simmental,60,5,631.3,23.1,77.4,Grass,23.2,18.5,7.3,6.6,5.5,Mastitis,1,15.68,2025-07-12
COW_0934,Holstein,98,3,809.6,15.1,87.9,Grain,23.3,18.0,7.1,8.5,4.0,Mastitis,1,10.3,2025-08-01
COW_0935,Charolais,114,4,470.4,18.2,46.4,Grass,25.9,15.4,1.4,6.9,9.5,None,0,19.34,2025-01-24
COW_0936,Charolais,58,1,681.7,23.9,87.8,Grass,26.2,17.9,8.6,7.3,4.1,Milk Fever,1,7.3,2025-01-06
COW_0937,Hereford,54,2,626.4,6.1,61.4,Grain,27.9,14.4,9.1,8.8,4.1,Retained Placenta,1,5.93,2025-05-07
COW_0938,Simmental,32,8,585.5,18.9,76.7,Hay,26.9,21.2,6.7,7.1,4.8,Lameness,1,9.51,2025-03-15
COW_0939,Angus,99,7,590.7,9.2,53.4,Grain,23.7,16.4,9.4,7.5,7.1,None,0,5.41,2025-07-18
COW_0940,Charolais,102,8,637.3,10.0,87.2,Hay,21.1,9.8,10.4,6.3,4.4,Retained Placenta,1,8.38,2024-10-09
COW_0941,Holstein,57,2,561.1,29.4,84.8,Silage,21.7,15.9,8.6,12.4,4.9,Ketosis,1,8.52,2025-04-12
COW_0942,Hereford,50,8,660.1,15.4,76.6,Hay,22.5,13.9,10.3,6.8,4.5,Lameness,1,11.81,2025-07-19
COW_0943,Charolais,119,1,515.0,21.5,56.7,Mixed,26.2,16.3,8.8,12.4,5.2,Lameness,1,8.43,2025-02-18
COW_0944,Hereford,40,4,630.5,20.8,80.3,Grain,25.3,12.9,8.3,7.2,10.0,Mastitis,1,15.72,2025-08-30
COW_0945,Jersey,48,7,563.0,24.5,62.6,Mixed,26.3,15.7,9.4,6.4,7.0,Lameness,1,15.68,2025-04-02
COW_0946,Jersey,47,6,487.7,24.8,71.6,Hay,35.2,14.8,5.3,7.7,4.7,Retained Placenta,1,8.16,2024-10-03
COW_0947,Charolais,112,1,632.7,19.5,68.4,Silage,27.1,15.8,5.2,6.9,4.6,Lameness,1,5.0,2024-11-27
COW_0948,Hereford,83,4,650.6,27.1,55.9,Hay,21.2,17.0,5.0,6.6,7.9,Milk Fever,1,11.38,2025-02-05
COW_0949,Holstein,37,3,558.2,23.8,28.1,Mixed,18.5,11.0,5.5,8.4,6.6,Retained Placenta,1,7.57,2025-06-18
COW_0950,Holstein,29,8,652.5,15.1,59.7,Silage,28.2,15.0,5.5,6.1,4.8,Milk Fever,1,12.28,2025-01-06
COW_0951,Simmental,113,7,645.5,18.5,76.9,Silage,20.4,13.2,6.8,7.5,8.2,Retained Placenta,1,14.06,2024-09-17
COW_0952,Jersey,109,5,804.2,22.4,59.3,Mixed,19.2,18.5,5.3,9.8,9.4,Retained Placenta,1,10.61,2024-10-02
COW_0953,Angus,25,4,407.8,11.0,71.7,Silage,25.5,17.3,6.0,8.1,3.4,Milk Fever,1,5.0,2025-09-10
COW_0954,Angus,26,7,557.0,24.3,94.7,Silage,21.1,10.9,8.4,7.8,7.2,Retained Placenta,1,6.28,2025-04-28
COW_0955,Charolais,31,5,599.3,26.0,50.3,Hay,29.0,21.8,7.2,6.6,4.6,Milk Fever,1,10.81,2024-12-14
COW_0956,Simmental,24,8,485.1,7.1,81.0,Silage,27.2,17.9,8.3,10.2,4.6,Milk Fever,1,5.2,2025-01-30
COW_0957,Angus,65,2,507.4,30.9,93.6,Hay,12.8,10.7,6.6,11.1,6.8,Retained Placenta,1,5.0,2025-09-10
COW_0958,Charolais,87,5,583.2,13.0,86.9,Grain,29.7,16.9,6.6,5.7,9.6,None,0,23.58,2025-07-01
COW_0959,Simmental,70,7,601.9,25.1,48.9,Grain,26.8,20.9,6.0,7.0,8.6,None,0,24.88,2025-04-08
COW_0960,Angus,38,1,584.2,37.6,38.9,Silage,22.6,7.1,8.1,10.2,7.1,None,0,5.0,2024-11-24
COW_0961,Hereford,70,6,572.1,31.5,67.2,Mixed,15.7,14.7,10.0,9.6,2.3,Lameness,1,5.0,2024-09-27
COW_0962,Charolais,48,6,660.4,10.7,53.7,Mixed,30.9,16.7,8.0,7.7,2.6,Retained Placenta,1,6.0,2024-10-05
COW_0963,Charolais,66,2,546.2,9.5,52.4,Grass,16.4,15.1,6.0,6.7,6.1,Lameness,1,5.78,2025-01-16
COW_0964,Hereford,38,3,476.6,34.5,83.7,Grass,29.4,15.5,8.5,7.5,3.7,Lameness,1,5.0,2025-05-09
COW_0965,Charolais,24,5,573.8,34.4,53.9,Grass,25.0,17.0,8.0,9.1,6.9,Ketosis,1,11.91,2024-10-01
COW_0966,Hereford,28,1,608.8,27.4,55.7,Hay,31.7,11.9,6.6,5.1,6.0,Ketosis,1,5.0,2025-08-10
COW_0967,Angus,110,2,614.6,17.3,61.9,Hay,30.7,18.6,9.6,10.2,7.6,Lameness,1,9.74,2025-03-04
COW_0968,Charolais,102,3,527.2,27.0,65.8,Grain,27.6,18.1,8.3,7.1,5.4,Retained Placenta,1,11.94,2025-08-31
COW_0969,Holstein,45,7,674.3,24.4,67.4,Silage,24.9,17.9,9.8,8.7,9.4,Mastitis,1,24.19,2025-03-12
COW_0970,Hereford,51,8,622.5,19.1,65.9,Grass,33.8,14.3,9.9,6.7,3.9,Milk Fever,1,7.85,2024-11-11
COW_0971,Jersey,89,3,580.9,10.1,65.7,Silage,21.6,16.2,7.4,5.9,5.8,Lameness,1,7.26,2025-06-16
COW_0972,Angus,41,6,542.7,22.8,62.4,Mixed,25.7,11.6,4.3,6.8,8.1,None,0,9.82,2025-08-16
COW_0973,Hereford,60,1,561.9,27.9,63.6,Silage,22.7,15.0,7.3,6.2,8.4,Mastitis,1,7.05,2024-09-27
COW_0974,Charolais,53,3,663.1,28.3,73.1,Silage,28.9,21.7,6.3,9.2,8.6,Ketosis,1,14.33,2025-06-20
COW_0975,Angus,43,7,670.1,24.9,69.0,Grass,24.1,17.8,8.7,8.9,6.0,Ketosis,1,7.5,2025-07-17
COW_0976,Charolais,110,7,606.3,39.1,62.3,Grass,30.4,17.0,7.8,7.3,3.0,Retained Placenta,1,5.08,2025-03-15
COW_0977,Hereford,56,5,546.6,21.9,52.0,Hay,27.3,16.5,12.9,8.9,7.1,Mastitis,1,15.52,2025-06-21
COW_0978,Holstein,55,6,676.3,20.0,80.0,Hay,29.2,14.1,6.2,8.1,5.6,Milk Fever,1,21.75,2025-01-09
COW_0979,Simmental,37,3,678.9,26.4,66.9,Grain,21.0,12.2,4.9,10.0,3.4,Milk Fever,1,6.95,2025-02-06
COW_0980,Simmental,88,8,626.9,19.0,57.1,Silage,32.1,13.8,7.4,10.1,6.0,Lameness,1,13.37,2024-11-08
COW_0981,Jersey,78,6,438.4,10.8,67.3,Hay,27.3,14.9,5.5,6.9,2.6,Retained Placenta,1,5.0,2025-05-09
COW_0982,Holstein,51,8,751.2,26.8,67.6,Hay,21.6,19.3,7.5,9.0,6.1,Mastitis,1,17.04,2025-01-07
COW_0983,Simmental,30,7,583.1,28.0,78.9,Grain,23.4,10.6,8.0,8.1,5.1,Mastitis,1,10.44,2025-03-02
COW_0984,Hereford,98,1,682.5,28.5,73.1,Mixed,27.7,16.0,5.4,10.7,7.9,None,0,5.0,2024-12-03
COW_0985,Hereford,35,3,552.6,32.8,53.4,Grain,25.4,17.8,4.6,9.9,5.4,Lameness,1,5.0,2025-08-04
COW_0986,Charolais,24,7,505.7,26.1,83.4,Silage,24.7,15.5,7.8,7.2,9.7,None,0,15.98,2025-01-16
COW_0987,Jersey,31,3,648.6,30.7,52.1,Grain,33.5,13.3,9.6,6.3,7.9,Ketosis,1,10.29,2025-01-22
COW_0988,Charolais,28,5,507.1,34.0,83.3,Mixed,21.9,7.5,9.2,12.3,3.5,Milk Fever,1,6.44,2025-05-20
COW_0989,Jersey,47,3,618.3,23.6,69.1,Grain,31.4,18.6,10.6,7.3,3.8,Retained Placenta,1,5.07,2025-09-01
COW_0990,Charolais,95,6,555.9,26.5,66.0,Hay,28.8,13.6,1.5,8.8,4.3,Ketosis,1,8.19,2025-07-16
COW_0991,Angus,51,4,563.7,13.0,63.5,Grain,19.6,14.4,6.2,6.1,8.6,None,0,10.87,2024-10-26
COW_0992,Hereford,41,2,588.8,3.1,69.1,Hay,26.9,20.0,10.3,8.6,4.5,Retained Placenta,1,6.67,2025-04-15
COW_0993,Charolais,61,6,464.6,19.5,78.1,Silage,31.2,11.2,6.7,8.2,8.7,Mastitis,1,24.72,2024-12-05
COW_0994,Holstein,70,3,553.1,21.2,58.6,Grass,22.3,16.7,5.4,7.6,3.5,Mastitis,1,5.0,2024-10-29
COW_0995,Hereford,112,3,694.1,18.6,27.8,Grass,27.7,19.7,1.9,8.2,9.1,None,0,12.89,2024-12-03
COW_0996,Simmental,106,2,633.4,15.8,41.2,Mixed,26.8,14.7,10.5,4.6,6.6,None,0,12.13,2025-01-09
COW_0997,Holstein,25,4,603.6,15.8,91.2,Grass,15.3,16.8,6.4,5.0,4.9,Milk Fever,1,7.75,2025-08-06
COW_0998,Hereford,120,4,516.9,27.2,73.7,Grass,26.0,17.5,6.2,9.4,3.6,Milk Fever,1,5.63,2025-07-05
COW_0999,Jersey,51,8,480.7,24.9,80.4,Grass,23.0,15.5,8.7,8.2,1.0,Lameness,1,5.0,2024-11-10
COW_1000,Charolais,24,8,509.5,25.4,74.7,Grass,14.3,20.5,7.0,5.4,6.2,Lameness,1,7.23,2025-05-13
